<?xml version="1.0" encoding="UTF-8"?>
<scraper framework="1.1" date="2013-05-27">
	<NfoUrl dest="3">
		<RegExp input="$$1" output="&lt;url&gt;\1&lt;/url&gt;" dest="3">
			<expression clear="yes" noclean="1">(http://www.mtime.com/movie/[0-9]*)</expression>
		</RegExp>
	</NfoUrl>
	<CreateSearchUrl dest="3">
		<RegExp input="$$1" output="&lt;url&gt;http://m.mtime.cn/Service/callback.mi/Showtime/SearchVoice.api?keyword=\1&lt;/url&gt;" dest="3">
			<expression noclean="1" encode="0"/>
		</RegExp>
	</CreateSearchUrl>
	<GetSearchResults dest="8">
		<RegExp input="$$3" output="&lt;results&gt;\1&lt;/results&gt;" dest="8">
			<RegExp input="$$1" output="&lt;entity&gt;&lt;title&gt;\2 (\4) - \3&lt;/title&gt;&lt;url gzip=&quot;yes&quot;&gt;http://movie.mtime.com/\1/&lt;/url&gt;&lt;id&gt;\1&lt;/id&gt;&lt;/entity&gt;" dest="3+">
				<expression repeat="yes">&quot;id&quot;:(\d+),&quot;name&quot;:&quot;([^&quot;]+)&quot;,&quot;nameEn&quot;:&quot;([^&quot;]+)&quot;.*?&quot;rYear&quot;:(\d+)</expression>
			</RegExp>
			<expression noclean="1"/>
		</RegExp>
	</GetSearchResults>
	<GetDetails dest="3">
		<RegExp input="$$5" output="&lt;details&gt;\1&lt;/details&gt;" dest="3">
			<RegExp input="$$2" output="&lt;id&gt;\1&lt;/id&gt;" dest="5">
				<expression/>
			</RegExp>
			<RegExp input="$$1" output="&lt;title&gt;\1&lt;/title&gt;" dest="5+">
				<expression trim="1">&lt;h1 [^&gt;]*&gt;(.*?)&lt;/h1&gt;</expression>
			</RegExp>
			<RegExp input="$$1" output="&lt;originaltitle&gt;\1&lt;/originaltitle&gt;" dest="5+">
				<expression trim="1">&lt;p class=&quot;db_enname&quot;[^&gt;]*&gt;(.*?)&lt;/p&gt;</expression>
			</RegExp>
			<RegExp input="$$1" output="&lt;year&gt;\1&lt;/year&gt;" dest="5+">
				<expression>href=&quot;http://movie.mtime.com/movie/search/section/\?year=([0-9]*)&quot;</expression>
			</RegExp>
			<RegExp input="$$2" output="&lt;url cache=&quot;$$2-details.html&quot; function=&quot;GetDetailsPage&quot;&gt;$$3details.html&lt;/url&gt;" dest="5+">
				<expression/>
			</RegExp>
			<RegExp input="$$1" output="&lt;country&gt;\2&lt;/country&gt;" dest="5+">
				<expression repeat="yes">href=&quot;http://(search.mtime.com/movie/section/area/|movie.mtime.com/movie/search/section/\?nation=)[^&gt;]*&gt;([^&lt;]*)</expression>
			</RegExp>
			<RegExp input="$$2" output="&lt;url cache=&quot;$$2-rating.html&quot; function=&quot;GetRating&quot;&gt;http://service.mtime.com/database/databaseService.m?Ajax_CallBack=true&Ajax_CallBackType=Mtime.Community.Controls.CommunityPages.DatabaseService&Ajax_CallBackMethod=LoadData2&Ajax_CallBackArgument0=1&Ajax_CallBackArgument1=\1&lt;/url&gt;" dest="5+">
				<expression/>
			</RegExp>
			<RegExp input="$$1" output="&lt;genre&gt;\1&lt;/genre&gt;" dest="5+">
				<expression repeat="yes">href=&quot;http://movie.mtime.com/movie/search/section/\?type=[^&gt;]*&gt;([^&lt;]*)</expression>
			</RegExp>
			<RegExp input="$$1" output="&lt;studio&gt;\1&lt;/studio&gt;" dest="5+">
				<expression>发行公司：&lt;/strong&gt;(.*?)&lt;/a&gt;</expression>
			</RegExp>
			<RegExp input="$$1" output="&lt;outline&gt;\1&lt;/outline&gt;&lt;plot&gt;\1&lt;/plot&gt;" dest="5+">
				<expression fixchars="1">剧情：(.*?)更多剧情</expression>
			</RegExp>
			<RegExp conditional="trailer" input="$$1" output="&lt;url function=&quot;GetTrailer&quot;&gt;http://api.mtime.com/trailer/getvideo.aspx?vid=\1&lt;/url&gt;" dest="5+">
				<expression>&quot;url&quot;:&quot;http://video.mtime.com/(\d+)/\?mid=</expression>
			</RegExp>
			<RegExp input="$$2" output="&lt;url cache=&quot;$$2-plot.html&quot; function=&quot;GetPlot&quot;&gt;$$3plots.html&lt;/url&gt;" dest="5+">
				<expression/>
			</RegExp>
			<RegExp input="$$2" output="&lt;url cache=&quot;$$2-fullcredits.html&quot; function=&quot;GetFullcredits&quot;&gt;$$3fullcredits.html&lt;/url&gt;" dest="5+">
				<expression/>
			</RegExp>
			<RegExp input="$$2" output="&lt;url cache=&quot;$$2-posters.html&quot; function=&quot;GetMtimePoster&quot;&gt;$$3posters_and_images/&lt;/url&gt;" dest="5+">
				<expression/>
			</RegExp>
			<RegExp conditional="fanart" input="$$2" output="&lt;url cache=&quot;$$2-fanart.html&quot; function=&quot;GetMtimeFanart&quot;&gt;$$3posters_and_images/&lt;/url&gt;" dest="5+">
				<expression/>
			</RegExp>
			<expression noclean="1"/>
		</RegExp>
	</GetDetails>	
	<GetTrailer clearbuffers="no" dest="5">
		<RegExp input="$$1" output="&lt;details&gt;&lt;trailer&gt;\1&lt;/trailer&gt;&lt;/details&gt;" dest="5">
			<expression>&quot;flv&quot;:&quot;([^&quot;]+)&quot;</expression>
		</RegExp>
	</GetTrailer>
	<GetPlot clearbuffers="no" dest="5">
		<RegExp input="$$1" output="&lt;details&gt;&lt;plot&gt;\1&lt;/plot&gt;&lt;/details&gt;" dest="5">
			<expression fixchars="1">&lt;div class=&quot;plots_box&quot;&gt;.*?&lt;span class=&quot;first_letter&quot;&gt;(.*?)&lt;/div&gt;</expression>
		</RegExp>
	</GetPlot>
	<GetDetailsPage clearbuffers="no" dest="5">
		<RegExp input="$$2" output="&lt;details&gt;\1&lt;/details&gt;" dest="5">
			<RegExp input="$$1" output="&lt;runtime&gt;\1&lt;/runtime&gt;" dest="2">
				<expression trim="1">片长：&lt;/strong&gt;\s*&lt;p&gt;([0-9]+)</expression>
			</RegExp>
			<expression noclean="1"/>
		</RegExp>
	</GetDetailsPage>
	<GetRating clearbuffers="no" dest="5">
		<RegExp input="$$2" output="&lt;details&gt;\1&lt;/details&gt;" dest="5">
			<RegExp input="$$1" output="&lt;rating&gt;\1&lt;/rating&gt;&lt;votes&gt;\2&lt;/votes&gt;" dest="2">
				<expression clear="yes">&quot;rating&quot;:([\d\.]+),&quot;ratingCount&quot;:(\d+),</expression>
			</RegExp>
			<expression noclean="1"/>
		</RegExp>
	</GetRating>
	<GetFullcredits clearbuffers="no" dest="5">
		<RegExp input="$$2" output="&lt;details&gt;\1&lt;/details&gt;" dest="5">
			<RegExp input="$$1" output="\1" dest="6">
				<expression clear="yes" noclean="1">演员 Actor(.*?)&lt;/dl&gt;\s*&lt;/div&gt;</expression>
			</RegExp>
			<RegExp input="$$6" output="&lt;actor&gt;&lt;thumb&gt;\2.jpg&lt;/thumb&gt;&lt;name&gt;\3&lt;/name&gt;&lt;role&gt;\4&lt;/role&gt;&lt;/actor&gt;" dest="2">
				<expression repeat="yes" fixchars="3">&lt;div class=&quot;actor_tit&quot;&gt;\s*(&lt;div class=&quot;pic_58&quot;&gt;.*?src=&quot;([^_]*)_58X58.jpg&quot; /&gt;\s*&lt;/a&gt;\s*|)&lt;h3&gt;(.*?)&lt;/h3&gt;.*?&lt;h3&gt;(.*?)&lt;/h3&gt;</expression>
			</RegExp>
			<RegExp input="$$1" output="\1" dest="8">
				<expression clear="yes" noclean="1">导演 Director(.*?)&lt;/div&gt;</expression>
			</RegExp>
			<RegExp input="$$8" output="&lt;director&gt;\1&lt;/director&gt;" dest="2+">
				<expression repeat="yes" fixchars="1">&lt;a [^&gt;]*&gt;(.*?)( |&lt;)</expression>
			</RegExp>
			<RegExp input="$$1" output="\1" dest="9">
				<expression clear="yes" noclean="1">编剧 Writer(.*?)&lt;/div&gt;</expression>
			</RegExp>
			<RegExp input="$$9" output="&lt;credits&gt;\1&lt;/credits&gt;" dest="2+">
				<expression repeat="yes" fixchars="1">&lt;a [^&gt;]*&gt;(.*?)( |&lt;)</expression>
			</RegExp>
			<expression noclean="1"/>
		</RegExp>
	</GetFullcredits>
	<GetMtimePoster dest="5">
		<RegExp input="$$6" output="&lt;details&gt;\1&lt;/details&gt;" dest="5">
			<RegExp input="$$1" output="&lt;thumb aspect=&quot;poster&quot; preview=&quot;\2_170X250.jpg&quot;&gt;\2_680X1000.jpg&lt;/thumb&gt;" dest="6">
				<expression clear="yes" repeat="yes" noclean="1">&quot;title&quot;:&quot;(正式海报|海报|预告海报|角色海报).*?&quot;img_220&quot;:&quot;(http://img[^_]*)_[0-9X]+.jpg&quot;</expression>
			</RegExp>
			<expression noclean="1"/>
		</RegExp>
	</GetMtimePoster>
	<GetMtimeFanart dest="5">
		<RegExp input="$$10$$11" output="&lt;details&gt;&lt;fanart&gt;\1&lt;/fanart&gt;&lt;/details&gt;" dest="5">
			<RegExp input="$$1" output="&lt;thumb preview=&quot;\2_256X144.jpg&quot;&gt;\2_1280X720.jpg&lt;/thumb&gt;" dest="11">
				<expression clear="yes" repeat="yes" noclean="1">&quot;title&quot;:&quot;(官方剧照|桌面).*?&quot;img_220&quot;:&quot;(http://img[^_]*)_[0-9X]+.jpg&quot;</expression>
			</RegExp>
			<expression noclean="1"/>
		</RegExp>
	</GetMtimeFanart>
</scraper>
