﻿<?xml version="1.0" encoding="UTF-8" standalone="yes"?>
<addon id="metadata.movie.douban.com" name="Douban Movie" version="1.2.8" provider-name="Tim">
	<requires>
		<import addon="xbmc.metadata" version="2.1.0"/>
	</requires>
	<extension point="xbmc.metadata.scraper.movies" language="zh" library="douban.xml"/>
	<extension point="xbmc.addon.metadata">
		<summary lang="en">Douban Movie Scraper</summary>
		<summary lang="zh">豆瓣电影刮削器</summary>
		<description lang="en">Download movie information from douban.com</description>
		<description lang="zh">从豆瓣网获取电影资料。</description>
		<platform>all</platform>
	</extension>
</addon>
