﻿<?xml version="1.0" encoding="UTF-8" standalone="yes"?>
<addon id="script.tvassistant" name="IPTV电视助手" version="2.0.8" provider-name="Taxigps, Tim">
	<requires>
		<import addon="xbmc.python" version="2.1.0" />
		<import addon="script.module.simplejson" version="2.0.10" />
	</requires>
	<extension point="xbmc.python.script" library="default.py">
		<provides>executable</provides>
	</extension>
	<extension point="xbmc.service" library="service.py" start="login" />
	<extension point="xbmc.addon.metadata">
		<summary lang="en">IPTV Assistant</summary>
		<summary lang="zh">IPTV电视助手</summary>
		<description lang="en">Automatic setting PVR IPTV Simple Client</description>
		<description lang="zh">自动设置PVR的IPTV客户端</description>
		<platform>all</platform>
	</extension>
</addon>
