﻿<?xml version="1.0" encoding="UTF-8" standalone="yes"?>
<addon id="metadata.tv.douban.com" name="Douban TV" version="1.2.5" provider-name="Tim">
	<requires>
		<import addon="xbmc.metadata" version="2.1.0"/>
	</requires>
	<extension point="xbmc.metadata.scraper.tvshows" language="zh" library="douban.xml"/>
	<extension point="xbmc.addon.metadata">
		<summary lang="en">Douban TV Scraper</summary>
		<summary lang="zh">豆瓣电视剧刮削器</summary>
		<description lang="en">Download TV information from douban.com</description>
		<description lang="zh">从豆瓣网获取电视剧资料。</description>
		<platform>all</platform>
	</extension>
</addon>
