﻿<?xml version="1.0" encoding="UTF-8" standalone="yes"?>
<addon id="metadata.musicvideo.simple" name="Simple Music Video" version="1.0.0" provider-name="Tim">
	<requires>
		<import addon="xbmc.metadata" version="2.1.0"/>
	</requires>
	<extension point="xbmc.metadata.scraper.musicvideos" language="zh" library="simple.xml"/>
	<extension point="xbmc.addon.metadata">
		<summary lang="en">Simple Music Video Scraper</summary>
		<summary lang="zh">简单音乐电视刮削器</summary>
		<description lang="en">Universal scraper, scrap any music video just by file name (no poster).</description>
		<description lang="zh">万能刮削器，使用文件名刮削任意音乐电视(无海报)。</description>
		<platform>all</platform>
	</extension>
</addon>
