﻿<?xml version="1.0" encoding="UTF-8"?>
<scraper framework="1.1" date="2019-06-18">
	<CreateSearchUrl dest="3">
		<RegExp input="$$1" output="&lt;url cache=&quot;\1-result.html&quot;&gt;https://cn.bing.com/search?q=\1&lt;/url&gt;" dest="3">
			<expression trim="1"/>
		</RegExp>
	</CreateSearchUrl>
	<GetSearchResults dest="3">
		<RegExp input="$$1" output="&lt;results&gt;&lt;entity&gt;&lt;title&gt;\1&lt;/title&gt;&lt;url&gt;$$2&lt;/url&gt;&lt;id&gt;\1&lt;/id&gt;&lt;/entity&gt;&lt;/results&gt;" dest="3">
			<expression fixchars="1">&lt;title&gt;(.+?) - 国内版 Bing&lt;/title&gt;</expression>
		</RegExp>
	</GetSearchResults>
	<GetDetails dest="5">
		<RegExp input="$$3" output="&lt;details&gt;\1&lt;/details&gt;" dest="5">
			<RegExp input="$$2" output="&lt;title&gt;\1&lt;/title&gt;" dest="3">
				<expression/>
			</RegExp>
			<RegExp input="$INFO[album]" output="&lt;album&gt;\1&lt;/album&gt;" dest="3+">
				<expression/>
			</RegExp>
			<RegExp input="$INFO[genre]" output="&lt;genre&gt;\1&lt;/genre&gt;" dest="3+">
				<expression repeat="yes">([^\|]+)</expression>
			</RegExp>
			<RegExp input="$INFO[tag]" output="&lt;tag&gt;\1&lt;/tag&gt;" dest="3+">
				<expression repeat="yes">([^\|]+)</expression>
			</RegExp>
			<RegExp input="$INFO[director]" output="&lt;director&gt;\1&lt;/director&gt;" dest="3+">
				<expression repeat="yes">([^\|]+)</expression>
			</RegExp>
			<RegExp input="$INFO[year]" output="&lt;year&gt;\1&lt;/year&gt;" dest="3+">
				<expression>([0-9]{4})</expression>
			</RegExp>
			<RegExp input="$INFO[studio]" output="&lt;studio&gt;\1&lt;/studio&gt;" dest="3+">
				<expression repeat="yes">([^\|]+)</expression>
			</RegExp>
			<RegExp input="$INFO[artist]" output="&lt;artist&gt;\1&lt;/artist&gt;" dest="3+">
				<expression repeat="yes">([^\|]+)</expression>
			</RegExp>
			<expression noclean="1"/>
		</RegExp>
	</GetDetails>
</scraper>
