﻿<?xml version="1.0" encoding="UTF-8" standalone="yes"?>
<addon id="metadata.movie.mtime.com" name="时光电影" version="1.0.0" provider-name="Tim">
	<requires>
		<import addon="xbmc.metadata" version="2.1.0"/>
	</requires>
	<extension point="xbmc.metadata.scraper.movies" language="zh" library="mtime.xml"/>
	<extension point="xbmc.addon.metadata">
		<summary lang="en">Mtime Movie Scraper</summary>
		<summary lang="zh">时光电影刮削器</summary>
		<description lang="en">Download movie information from mtime.com</description>
		<description lang="zh">从时光网获取电影资料。</description>
		<platform>all</platform>
	</extension>
</addon>
