<?xml version="1.0" encoding="UTF-8"?>
<scraper framework="1.1" date="2019-12-08">
	<NfoUrl dest="3">
		<RegExp input="$$1" output="&lt;details&gt;&lt;url cache=&quot;\1-detail.json&quot;&gt;https://m.mtime.cn/Service/callback.mi/movie/Detail.api?movieId=\1&lt;/url&gt;&lt;/details&gt;" dest="3">
			<expression trim="1">http://movie.mtime.com/(\d+)/</expression>
		</RegExp>
	</NfoUrl>
	<CreateSearchUrl dest="3">
		<RegExp input="$$1" output="&lt;url cache=&quot;\1-result.json&quot;&gt;http://service.channel.mtime.com/Search.api?Ajax_CallBack=true&Ajax_CallBackType=Mtime.Channel.Services&Ajax_CallBackMethod=GetSearchResult&Ajax_CallBackArgument0=\1&Ajax_CallBackArgument4=1&lt;/url&gt;" dest="3">
			<expression trim="1"/>
		</RegExp>
	</CreateSearchUrl>
	<GetSearchResults dest="5">
		<RegExp input="$$3" output="&lt;results sorted=&quot;yes&quot;&gt;\1&lt;/results&gt;" dest="5">
			<RegExp input="$$1" output="&lt;entity&gt;&lt;title&gt;\2&lt;/title&gt;&lt;url cache=&quot;\1-detail.json&quot;&gt;https://m.mtime.cn/Service/callback.mi/movie/Detail.api?movieId=\1&lt;/url&gt;&lt;id&gt;\1&lt;/id&gt;&lt;/entity&gt;" dest="3">
				<expression repeat="yes" fixchars="2">&quot;movieId&quot;:(\d+),&quot;movieTitle&quot;:&quot;([^&quot;]+)&quot;,</expression>
			</RegExp>
			<expression noclean="1"/>
		</RegExp>
	</GetSearchResults>
	<GetDetails dest="5">
		<RegExp input="$$3" output="&lt;details&gt;\1&lt;/details&gt;" dest="5">
			<RegExp input="$$1" output="&lt;title&gt;\1&lt;/title&gt;" dest="3">
				<expression fixchars="1">&quot;titleCn&quot;:&quot;([^&quot;]+)&quot;,</expression>
			</RegExp>
			<RegExp input="$$1" output="&lt;originaltitle&gt;\1&lt;/originaltitle&gt;" dest="3+">
				<expression fixchars="1">&quot;titleEn&quot;:&quot;([^&quot;]+)&quot;,</expression>
			</RegExp>
			<RegExp input="$$1" output="&lt;ratings&gt;&lt;rating name=&quot;mtime&quot; max=&quot;10&quot; default=&quot;true&quot;&gt;&lt;value&gt;\1&lt;/value&gt;&lt;votes&gt;\2&lt;/votes&gt;&lt;/rating&gt;&lt;/ratings&gt;" dest="3+">
				<expression>&quot;rating&quot;:&quot;([^&quot;]+)&quot;,&quot;scoreCount&quot;:&quot;(\d+)&quot;,</expression>
			</RegExp>
			<RegExp input="$$1" output="&lt;plot&gt;\1&lt;/plot&gt;" dest="3+">
				<expression fixchars="1">&quot;content&quot;:&quot;(.*?)(?&lt;!\\)&quot;,</expression>
			</RegExp>
			<RegExp input="$$1" output="&lt;tagline&gt;\1&lt;/tagline&gt;" dest="3+">
				<expression fixchars="1">&quot;commonSpecial&quot;:&quot;(.*?)(?&lt;!\\)&quot;,</expression>
			</RegExp>
			<RegExp input="$$1" output="&lt;runtime&gt;\1&lt;/runtime&gt;" dest="3+">
				<expression>&quot;runTime&quot;:&quot;([^&quot;]+)&quot;,</expression>
			</RegExp>
			<RegExp input="$$1" output="&lt;thumb aspect=&quot;poster&quot; preview=&quot;\1&quot;&gt;\1&lt;/thumb&gt;" dest="3+">
				<expression>{&quot;image&quot;:&quot;([^&quot;]+)&quot;,</expression>
			</RegExp>
			<RegExp conditional="!art" input="$$8" output="&lt;fanart&gt;\1&lt;/fanart&gt;" dest="3+">
				<RegExp input="$$4" output="&lt;thumb preview=&quot;\1&quot;&gt;\1&lt;/thumb&gt;" dest="8">
					<RegExp input="$$1" output="\1" dest="4">
						<expression clear="yes">&quot;images&quot;:\[([^\]]+)\],</expression>
					</RegExp>
					<expression repeat="yes">&quot;([^&quot;]+)&quot;</expression>
				</RegExp>
				<expression noclean="1"/>
			</RegExp>
			<RegExp conditional="art" input="$$2" output="&lt;url cache=&quot;\1-art.json&quot; function=&quot;GetArt&quot;&gt;https://m.mtime.cn/Service/callback.mi/movie/Image.api?movieId=\1&lt;/url&gt;" dest="3+">
				<expression/>
			</RegExp>
			<RegExp input="$$2" output="&lt;id&gt;\1&lt;/id&gt;" dest="3+">
				<expression/>
			</RegExp>
			<RegExp input="$$2" output="&lt;uniqueid type=&quot;mtime&quot; default=&quot;true&quot;&gt;\1&lt;/uniqueid&gt;" dest="3+">
				<expression/>
			</RegExp>
			<RegExp input="$$4" output="&lt;genre&gt;\1&lt;/genre&gt;" dest="3+">
				<RegExp input="$$1" output="\1" dest="4">
					<expression clear="yes">&quot;type&quot;:\[([^\]]+)\],</expression>
				</RegExp>
				<expression repeat="yes" fixchars="1">&quot;([^&quot;]+)&quot;</expression>
			</RegExp>
			<RegExp input="$$1" output="&lt;year&gt;\1&lt;/year&gt;" dest="3+">
				<expression>&quot;year&quot;:&quot;(\d+)&quot;,</expression>
			</RegExp>
			<RegExp input="$$1" output="&lt;trailer&gt;\1&lt;/trailer&gt;" dest="3+">
				<expression>&quot;video&quot;:&quot;([^&quot;]+)&quot;,</expression>
			</RegExp>
			<RegExp conditional="!person" input="$$4" output="&lt;director&gt;\1&lt;/director&gt;" dest="3+">
				<RegExp input="$$1" output="\1" dest="4">
					<expression clear="yes">&quot;directors&quot;:\[([^\]]+)\],</expression>
				</RegExp>
				<expression repeat="yes" fixchars="1">&quot;([^&quot;]+)&quot;</expression>
			</RegExp>
			<RegExp conditional="!person" input="$$4" output="&lt;actor&gt;&lt;name&gt;\1&lt;/name&gt;&lt;role&gt;\3&lt;/role&gt;&lt;thumb&gt;\2&lt;/thumb&gt;&lt;/actor&gt;" dest="3+">
				<RegExp input="$$1" output="\1" dest="4">
					<expression clear="yes">&quot;actorList&quot;:\[([^\]]+)\],</expression>
				</RegExp>
				<expression repeat="yes" fixchars="1,3">&quot;actor&quot;:&quot;([^&quot;]*)&quot;,&quot;actorEn&quot;:&quot;[^&quot;]*&quot;,&quot;actorImg&quot;:&quot;([^&quot;]*)&quot;,&quot;roleName&quot;:&quot;([^&quot;]*)&quot;,</expression>
			</RegExp>
			<RegExp conditional="person" input="$$2" output="&lt;url cache=&quot;\1-person.json&quot; function=&quot;GetPerson&quot;&gt;https://m.mtime.cn/Service/callback.mi/Movie/MovieCreditsWithTypes.api?movieId=\1&lt;/url&gt;" dest="3+">
				<expression/>
			</RegExp>
			<expression noclean="1"/>
		</RegExp>
	</GetDetails>
	<GetArt dest="5">
		<RegExp input="$$3" output="&lt;details&gt;\1&lt;/details&gt;" dest="5">
			<RegExp input="$$1" output="&lt;thumb aspect=&quot;poster&quot; preview=&quot;\1&quot;&gt;\1&lt;/thumb&gt;" dest="3">
				<expression repeat="yes">{&quot;id&quot;:\d+,&quot;image&quot;:&quot;([^&quot;]+)&quot;,&quot;type&quot;:1}</expression>
			</RegExp>
			<RegExp input="$$4" output="&lt;fanart&gt;\1&lt;/fanart&gt;" dest="3+">
				<RegExp input="$$1" output="&lt;thumb preview=&quot;\1&quot;&gt;\1&lt;/thumb&gt;" dest="4">
					<expression repeat="yes">{&quot;id&quot;:\d+,&quot;image&quot;:&quot;([^&quot;]+)&quot;,&quot;type&quot;:6}</expression>
				</RegExp>
				<expression noclean="1"/>
			</RegExp>
			<expression noclean="1"/>
		</RegExp>
	</GetArt>
	<GetPerson dest="5">
		<RegExp input="$$3" output="&lt;details&gt;\1&lt;/details&gt;" dest="5">
			<RegExp input="$$4" output="&lt;credits&gt;\1&lt;/credits&gt;" dest="3">
				<RegExp input="$$1" output="\1" dest="4">
					<expression clear="yes">{&quot;typeName&quot;:&quot;编剧&quot;,&quot;typeNameEn&quot;:&quot;Writer&quot;,&quot;persons&quot;:\[([^\]]+)\]}</expression>
				</RegExp>
				<expression repeat="yes" fixchars="1">&quot;id&quot;:\d+,&quot;name&quot;:&quot;([^&quot;]+)&quot;,</expression>
			</RegExp>
			<RegExp input="$$4" output="&lt;director&gt;\1&lt;/director&gt;" dest="3+">
				<RegExp input="$$1" output="\1" dest="4">
					<expression clear="yes">{&quot;typeName&quot;:&quot;导演&quot;,&quot;typeNameEn&quot;:&quot;Director&quot;,&quot;persons&quot;:\[([^\]]+)\]}</expression>
				</RegExp>
				<expression repeat="yes" fixchars="1">&quot;id&quot;:\d+,&quot;name&quot;:&quot;([^&quot;]+)&quot;,</expression>
			</RegExp>
			<RegExp input="$$4" output="&lt;actor&gt;&lt;name&gt;\1&lt;/name&gt;&lt;role&gt;\3&lt;/role&gt;&lt;thumb&gt;\2&lt;/thumb&gt;&lt;/actor&gt;" dest="3+">
				<RegExp input="$$1" output="\1" dest="4">
					<expression clear="yes">{&quot;typeName&quot;:&quot;演员&quot;,&quot;typeNameEn&quot;:&quot;Actor&quot;,&quot;persons&quot;:\[([^\]]+)\]}</expression>
				</RegExp>
				<expression repeat="yes" fixchars="1,3">&quot;id&quot;:\d+,&quot;name&quot;:&quot;([^&quot;]+)&quot;,&quot;nameEn&quot;:&quot;[^&quot;]*&quot;,&quot;image&quot;:&quot;([^&quot;]*)&quot;,&quot;personate&quot;:&quot;([^&quot;]*)&quot;,</expression>
			</RegExp>
			<expression noclean="1"/>
		</RegExp>
	</GetPerson>
</scraper>