<?xml version="1.0" encoding="UTF-8"?>
<includes>
	<include name="View_503_Mosaic">
		<control type="group">
			<include>OpenClose_Right</include>
			<visible>Control.IsVisible(503)</visible>
			<include>Visible_Right</include>
			<centertop>50%</centertop>
			<left>-20</left>
			<right>0</right>
			<height>910</height>
			<animation effect="slide" end=",-10" time="0" condition="Container.Content(movies) | Container.Content(sets) | Container.Content(tvshows) | Container.Content(seasons) | Container.Content(musicvideos) | Container.Content(artists) | Container.Content(albums) | Container.Content(images) | Container.Content(videos)">Conditional</animation>
			<control type="panel" id="503">
				<width>100%</width>
				<height>950</height>
				<onup>9000</onup>
				<onright>503</onright>
				<onleft>503</onleft>
				<ondown>5199</ondown>
				<viewtype label="120445">icon</viewtype>
				<preloaditems>2</preloaditems>
				<pagecontrol>5199</pagecontrol>
				<orientation>horizontal</orientation>
				<scrolltime tween="cubic" easing="out">500</scrolltime>
				<visible>Container.Content(movies) | Container.Content(sets) | Container.Content(tvshows) | Container.Content(seasons) | Container.Content(episodes) | Container.Content(musicvideos) | Container.Content(artists) | Container.Content(albums) | Container.Content(images) | Container.Content(videos)</visible>
				<itemlayout height="180" width="280" condition="Container.Content(episodes) | Container.Content(musicvideos) | Container.Content(images) | Container.Content(videos)">
					<control type="image">
						<left>10</left>
						<top>10</top>
						<width>310</width>
						<height>210</height>
						<texture>dialogs/dialog-bg-nobo.png</texture>
						<bordertexture border="21">overlays/shadow.png</bordertexture>
						<bordersize>20</bordersize>
					</control>
					<control type="image">
						<left>10</left>
						<top>10</top>
						<width>310</width>
						<height>210</height>
						<texture fallback="DefaultNoPreview.png" background="true">$VAR[InfoWallThumbVar]</texture>
						<bordersize>20</bordersize>
						<aspectratio>scale</aspectratio>
					</control>
				</itemlayout>
				<focusedlayout height="180" width="280" condition="Container.Content(episodes) | Container.Content(musicvideos) | Container.Content(images) | Container.Content(videos)">
					<control type="group">
						<animation type="Focus" reversible="false">
							<effect type="zoom" end="110" time="75" tween="sine" easing="out" center="auto" />
						 </animation>
						<control type="image">
							<left>24</left>
							<top>24</top>
							<width>282</width>
							<height>182</height>
							<texture colordiffuse="button_focus">colors/grey.png</texture>
							<bordertexture border="21">overlays/shadow.png</bordertexture>
						</control>
						<control type="image">
							<left>10</left>
							<top>10</top>
							<width>310</width>
							<height>210</height>
							<texture fallback="DefaultNoPreview.png" background="true">$VAR[InfoWallThumbVar]</texture>
							<bordersize>20</bordersize>
							<aspectratio>scale</aspectratio>
						</control>
					</control>
				</focusedlayout>
				<itemlayout height="300" width="300" condition="Container.Content(artists) | Container.Content(albums)">
					<control type="image">
						<left>10</left>
						<top>10</top>
						<width>330</width>
						<height>330</height>
						<texture>dialogs/dialog-bg-nobo.png</texture>
						<bordertexture border="21">overlays/shadow.png</bordertexture>
						<bordersize>20</bordersize>
					</control>
					<control type="image">
						<left>10</left>
						<top>10</top>
						<width>330</width>
						<height>330</height>
						<texture fallback="DefaultAudio.png" background="true">$VAR[InfoWallThumbVar]</texture>
						<bordersize>20</bordersize>
						<aspectratio>scale</aspectratio>
					</control>
				</itemlayout>
				<focusedlayout height="300" width="300" condition="Container.Content(artists) | Container.Content(albums)">
					<control type="group">
						<animation type="Focus" reversible="false">
							<effect type="zoom" end="110" time="75" tween="sine" easing="out" center="auto" />
						 </animation>
						<control type="image">
							<left>24</left>
							<top>24</top>
							<width>302</width>
							<height>302</height>
							<texture colordiffuse="button_focus">colors/grey.png</texture>
							<bordertexture border="21">overlays/shadow.png</bordertexture>
						</control>
						<control type="image">
							<left>10</left>
							<top>10</top>
							<width>330</width>
							<height>330</height>
							<texture fallback="DefaultAudio.png" background="true">$VAR[InfoWallThumbVar]</texture>
							<bordersize>20</bordersize>
							<aspectratio>scale</aspectratio>
						</control>
					</control>
				</focusedlayout>
				<itemlayout height="300" width="210" condition="Container.Content(movies) | Container.Content(sets) | Container.Content(tvshows) | Container.Content(seasons)">
					<control type="image">
						<left>10</left>
						<top>10</top>
						<width>240</width>
						<height>330</height>
						<texture>dialogs/dialog-bg-nobo.png</texture>
						<bordertexture border="21">overlays/shadow.png</bordertexture>
						<bordersize>20</bordersize>
					</control>
					<control type="image">
						<left>10</left>
						<top>10</top>
						<width>240</width>
						<height>330</height>
						<texture fallback="DefaultVideo.png" background="true">$VAR[InfoWallThumbVar]</texture>
						<bordersize>20</bordersize>
						<aspectratio>keep</aspectratio>
						<visible>String.IsEmpty(ListItem.Art(poster))</visible>
					</control>
					<control type="image">
						<left>10</left>
						<top>10</top>
						<width>240</width>
						<height>330</height>
						<texture fallback="DefaultVideo.png" background="true">$VAR[InfoWallThumbVar]</texture>
						<bordersize>20</bordersize>
						<bordersize>20</bordersize>
						<aspectratio align="left">scale</aspectratio><!-- 海报居左 -->
						<visible>!String.IsEmpty(ListItem.Art(poster)) + String.IsEqual(Skin.String(poster_align),left)</visible>
					</control>
					<control type="image">
						<left>10</left>
						<top>10</top>
						<width>240</width>
						<height>330</height>
						<texture fallback="DefaultVideo.png" background="true">$VAR[InfoWallThumbVar]</texture>
						<bordersize>20</bordersize>
						<aspectratio align="center">scale</aspectratio><!-- 海报居中 -->
						<visible>!String.IsEmpty(ListItem.Art(poster)) + [String.IsEmpty(Skin.String(poster_align)) | String.IsEqual(Skin.String(poster_align),center)]</visible>
					</control>
					<control type="image">
						<left>10</left>
						<top>10</top>
						<width>240</width>
						<height>330</height>
						<texture fallback="DefaultVideo.png" background="true">$VAR[InfoWallThumbVar]</texture>
						<bordersize>20</bordersize>
						<aspectratio align="right">scale</aspectratio><!-- 海报居右 -->
						<visible>!String.IsEmpty(ListItem.Art(poster)) + String.IsEqual(Skin.String(poster_align),right)</visible>
					</control>
					<control type="image">
						<left>30</left>
						<top>250</top>
						<width>70</width>
						<height>70</height>
						<texture>overlays/overlay-bg.png</texture>
						<visible>ListItem.IsResumable | Listitem.IsCollection | ListItem.IsPlaying | Integer.IsGreater(ListItem.Playcount,0)</visible>
					</control>
					<control type="image">
						<left>30</left>
						<top>290</top>
						<width>28</width>
						<height>28</height>
						<texture>$VAR[WallWatchedIconVar]</texture>
					</control>
				</itemlayout>
				<focusedlayout height="300" width="210" condition="Container.Content(movies) | Container.Content(sets) | Container.Content(tvshows) | Container.Content(seasons)">
					<control type="group">
						<animation type="Focus" reversible="false">
							<effect type="zoom" end="110" time="75" tween="sine" easing="out" center="auto" />
						 </animation>
						<control type="image">
							<left>24</left>
							<top>24</top>
							<width>212</width>
							<height>302</height>
							<texture colordiffuse="button_focus">colors/grey.png</texture>
							<bordertexture border="21">overlays/shadow.png</bordertexture>
						</control>
						<control type="image">
							<left>10</left>
							<top>10</top>
							<width>240</width>
							<height>330</height>
							<texture fallback="DefaultVideo.png" background="true">$VAR[InfoWallThumbVar]</texture>
							<bordersize>20</bordersize>
							<aspectratio>keep</aspectratio>
							<visible>String.IsEmpty(ListItem.Art(poster))</visible>
						</control>
						<control type="image">
							<left>10</left>
							<top>10</top>
							<width>240</width>
							<height>330</height>
							<texture fallback="DefaultVideo.png" background="true">$VAR[InfoWallThumbVar]</texture>
							<bordersize>20</bordersize>
							<aspectratio align="left">scale</aspectratio><!-- 海报居左 -->
							<visible>!String.IsEmpty(ListItem.Art(poster)) + String.IsEqual(Skin.String(poster_align),left)</visible>
						</control>
						<control type="image">
							<left>10</left>
							<top>10</top>
							<width>240</width>
							<height>330</height>
							<texture fallback="DefaultVideo.png" background="true">$VAR[InfoWallThumbVar]</texture>
							<bordersize>20</bordersize>
							<aspectratio align="center">scale</aspectratio><!-- 海报居中 -->
							<visible>!String.IsEmpty(ListItem.Art(poster)) + [String.IsEmpty(Skin.String(poster_align)) | String.IsEqual(Skin.String(poster_align),center)]</visible>
						</control>
						<control type="image">
							<left>10</left>
							<top>10</top>
							<width>240</width>
							<height>330</height>
							<texture fallback="DefaultVideo.png" background="true">$VAR[InfoWallThumbVar]</texture>
							<bordersize>20</bordersize>
							<aspectratio align="right">scale</aspectratio><!-- 海报居右 -->
							<visible>!String.IsEmpty(ListItem.Art(poster)) + String.IsEqual(Skin.String(poster_align),right)</visible>
						</control>
						<control type="image">
							<left>30</left>
							<top>250</top>
							<width>70</width>
							<height>70</height>
							<texture>overlays/overlay-bg.png</texture>
							<visible>ListItem.IsResumable | Listitem.IsCollection | ListItem.IsPlaying | Integer.IsGreater(ListItem.Playcount,0)</visible>
						</control>
						<control type="image">
							<left>30</left>
							<top>290</top>
							<width>28</width>
							<height>28</height>
							<texture>$VAR[WallWatchedIconVar]</texture>
						</control>
					</control>
				</focusedlayout>
			</control>
		</control>
	</include>
</includes>