<?xml version="1.0" encoding="UTF-8"?>
<includes>
	<include name="InfoWallMovieLayoutPlus">
		<param name="focused">false</param>
		<definition>
			<control type="group">
				<visible>String.IsEmpty(ListItem.Art(poster))</visible>
				<control type="image">
					<left>15</left>
					<top>-6</top>
					<width>564</width>
					<height>360</height>
					<texture>dialogs/dialog-bg-nobo.png</texture>
				</control>
				<control type="image">
					<left>15</left>
					<top>-6</top>
					<width>564</width>
					<height>360</height>
					<texture colordiffuse="button_focus">colors/grey.png</texture>
					<visible>$PARAM[focused]</visible>
					<include condition="$PARAM[focused]">Animation_FocusTextureFade</include>
				</control>
				<control type="textbox">
					<left>40</left>
					<top>368</top>
					<width>516</width>
					<height>40</height>
					<font>font27</font>
					<align>center</align>
					<aligny>top</aligny>
					<label>$INFO[ListItem.Label]</label>
					<autoscroll time="2000" delay="3000" repeat="5000">$PARAM[focused]</autoscroll>
					<!-- <visible>!ListItem.IsParentFolder + !Control.IsVisible(61)</visible> -->
					<visible>!Control.IsVisible(61)</visible>
				</control>
				<control type="image">
					<left>18</left>
					<top>-2</top>
					<width>558</width>
					<height>352</height>
					<texture fallback="DefaultMovies.png" background="true">$INFO[ListItem.Icon]</texture>
					<aspectratio>keep</aspectratio>
				</control>
			</control>
			<control type="group">
				<visible>!String.IsEmpty(ListItem.Art(poster))</visible>
				<control type="image">
					<left>11</left>
					<top>-10</top>
					<width>572</width>
					<height>368</height>
					<texture colordiffuse="button_focus">colors/grey.png</texture>
					<visible>$PARAM[focused]</visible>
					<include condition="$PARAM[focused]">Animation_FocusTextureFade</include>
				</control>
				<control type="image">
					<left>15</left>
					<top>-6</top>
					<width>564</width>
					<height>360</height>
					<texture background="true">$INFO[ListItem.Art(poster)]</texture>
					<aspectratio>scale</aspectratio>
				</control>
				<control type="textbox">
					<left>40</left>
					<top>368</top>
					<width>516</width>
					<height>40</height>
					<font>font27</font>
					<align>center</align>
					<aligny>top</aligny>
					<label>$INFO[ListItem.Label]</label>
					<autoscroll time="2000" delay="3000" repeat="5000">$PARAM[focused]</autoscroll>
					<!-- <visible>!Control.IsVisible(61)</visible> -->
					<visible>!ListItem.IsParentFolder + !Control.IsVisible(61)</visible>
				</control>
				<control type="image">
					<left>15</left>
					<top>274</top>
					<width>80</width>
					<height>80</height>
					<texture>overlays/overlay-bg.png</texture>
					<visible>Listitem.IsCollection | ListItem.IsPlaying | Integer.IsGreater(ListItem.Playcount,0)</visible>
				</control>
			</control>
			<control type="group">
				<visible>String.IsEqual(ListItem.DBtype,tvshow)</visible>
				<top>320</top>
				<control type="image">
					<left>15</left>
					<top>-16</top>
					<width>564</width>
					<height>50</height>
					<texture colordiffuse="CCFFFFFF">overlays/overlayfade.png</texture>
					<visible>!String.IsEmpty(ListItem.Art(poster))</visible>
				</control>
				<control type="label">
					<left>0</left>
					<top>4</top>
					<width>538</width>
					<label>$INFO[ListItem.Property(WatchedEpisodes)]$INFO[ListItem.Property(TotalEpisodes), / ,]</label>
					<font>font20_title</font>
					<shadowcolor>text_shadow</shadowcolor>
					<align>right</align>
				</control>
				<control type="image">
					<left>546</left>
					<top>7</top>
					<width>24</width>
					<height>24</height>
					<texture>lists/played-total.png</texture>
				</control>
			</control>
			<control type="image">
				<left>15</left>
				<top>322</top>
				<width>32</width>
				<height>32</height>
				<texture>$VAR[WallWatchedIconVar]</texture>
			</control>
			<control type="group">
				<left>524</left>
				<top>-6</top>
				<include condition="Skin.HasSetting(circle_rating) | Skin.HasSetting(circle_userrating)">RatingCircle</include>
			</control>
			<control type="progress">
				<left>15</left>
				<top>334</top>
				<width>564</width>
				<height>1</height>
				<texturebg></texturebg>
				<midtexture colordiffuse="button_focus" border="3">progress/texturebg_alt_white.png</midtexture>
				<info>ListItem.PercentPlayed</info>
				<visible>!Integer.IsEqual(ListItem.PercentPlayed,0)</visible>
			</control>
		</definition>
	</include>
	<include name="View_64_InfoWallPlus">
		<control type="group">
			<include>OpenClose_Right</include>
			<left>100</left>
			<top>0</top>
			<visible>Control.IsVisible(64)</visible>
			<include>Visible_Right</include>
			<control type="panel" id="64">
				<left>522</left>
				<top>0</top>
				<right>15</right>
				<height>100%</height>
				<onleft>9000</onleft>
				<onright>531</onright>
				<onup condition="Integer.IsGreater(Container.NumPages,1)">64</onup>
				<onup condition="!Integer.IsGreater(Container.NumPages,1)">9000</onup>
				<ondown>64</ondown>
				<viewtype label="131101">icon</viewtype>
				<preloaditems>2</preloaditems>
				<pagecontrol>531</pagecontrol>
				<scrolltime tween="cubic" easing="out">500</scrolltime>
				<visible>Container.Content(sets) | Container.Content(movies) | Container.Content(tvshows) | Container.Content(seasons)</visible>
				<itemlayout height="445" width="610" condition="Container.Content(movies) | Container.Content(sets) | Container.Content(tvshows) | Container.Content(seasons)">
					<control type="group">
						<left>30</left>
						<top>120</top>
						<include>InfoWallMovieLayoutPlus</include>
					</control>
				</itemlayout>
				<focusedlayout height="445" width="610" condition="Container.Content(movies) | Container.Content(sets) | Container.Content(tvshows) | Container.Content(seasons)">
					<control type="group">
						<depth>DepthContentPopout</depth>
						<left>30</left>
						<animation effect="zoom" start="100" end="110" time="200" tween="sine" easing="inout" center="300,300">Focus</animation>
						<animation effect="zoom" start="110" end="100" time="200" tween="sine" easing="inout" center="300,300">UnFocus</animation>
						<top>120</top>
						<include content="InfoWallMovieLayoutPlus">
							<param name="focused" value="true" />
						</include>
					</control>
				</focusedlayout>
			</control>
		</control>
	</include>
</includes>
