﻿<?xml version="1.0" encoding="UTF-8"?>
<scraper framework="1.1" date="2019-05-31">
	<CreateSearchUrl dest="3">
		<RegExp input="$$1" output="&lt;url cache=&quot;\1-result.html&quot;&gt;https://cn.bing.com/search?q=\1&lt;/url&gt;" dest="3">
			<expression trim="1"/>
		</RegExp>
	</CreateSearchUrl>
	<GetSearchResults dest="3">
		<RegExp input="$$1" output="&lt;results&gt;&lt;entity&gt;&lt;title&gt;\1&lt;/title&gt;&lt;url&gt;$$2&lt;/url&gt;&lt;id&gt;\1&lt;/id&gt;&lt;/entity&gt;&lt;/results&gt;" dest="3">
			<expression fixchars="1">&lt;title&gt;(.+?) - 国内版 Bing&lt;/title&gt;</expression>
		</RegExp>
	</GetSearchResults>
	<GetDetails dest="5">
		<RegExp input="$$3" output="&lt;details&gt;\1&lt;/details&gt;" dest="5">
			<RegExp input="$$3" output="&lt;episodeguide&gt;&lt;url&gt;\1&lt;/url&gt;&lt;/episodeguide&gt;" dest="3">
				<expression/>
			</RegExp>
			<RegExp input="$$2" output="&lt;title&gt;\1&lt;/title&gt;" dest="3+">
				<expression/>
			</RegExp>
			<RegExp input="$INFO[genre]" output="&lt;genre&gt;\1&lt;/genre&gt;" dest="3+">
				<expression repeat="yes">([^\|]+)</expression>
			</RegExp>
			<RegExp input="$INFO[country]" output="&lt;country&gt;\1&lt;/country&gt;" dest="3+">
				<expression repeat="yes">([^\|]+)</expression>
			</RegExp>
			<RegExp input="$INFO[tag]" output="&lt;tag&gt;\1&lt;/tag&gt;" dest="3+">
				<expression repeat="yes">([^\|]+)</expression>
			</RegExp>
			<RegExp input="$INFO[credits]" output="&lt;credits&gt;\1&lt;/credits&gt;" dest="3+">
				<expression repeat="yes">([^\|]+)</expression>
			</RegExp>
			<RegExp input="$INFO[director]" output="&lt;director&gt;\1&lt;/director&gt;" dest="3+">
				<expression repeat="yes">([^\|]+)</expression>
			</RegExp>
			<RegExp input="$INFO[premiered]" output="&lt;premiered&gt;\1&lt;/premiered&gt;" dest="3+">
				<expression>([0-9]{4}-[0-9]{2}-[0-9]{2})</expression>
			</RegExp>
			<RegExp input="$INFO[premiered]" output="&lt;year&gt;\1&lt;/year&gt;" dest="3+">
				<expression>([0-9]{4})-[0-9]{2}-[0-9]{2}</expression>
			</RegExp>
			<RegExp input="$INFO[studio]" output="&lt;studio&gt;\1&lt;/studio&gt;" dest="3+">
				<expression repeat="yes">([^\|]+)</expression>
			</RegExp>
			<expression noclean="1"/>
		</RegExp>
	</GetDetails>
	<GetEpisodeList dest="5">
		<RegExp input="$$3" output="&lt;episodeguide&gt;\1&lt;/episodeguide&gt;" dest="5">
			<RegExp input="1|2|3|4|5|6|7|8|9|10|11|12|13|14|15|16|17|18|19|20|21|22|23|24|25|26|27|28|29|30|31|32|33|34|35|36|37|38|39|40|41|42|43|44|45|46|47|48|49|50|51|52|53|54|55|56|57|58|59|60|61|62|63|64|65|66|67|68|69|70|71|72|73|74|75|76|77|78|79|80|81|82|83|84|85|86|87|88|89|90|91|92|93|94|95|96|97|98|99" output="&lt;episode&gt;&lt;url&gt;$$2&lt;/url&gt;&lt;epnum&gt;\1&lt;/epnum&gt;&lt;season&gt;1&lt;/season&gt;&lt;id&gt;\1&lt;/id&gt;&lt;/episode&gt;" dest="3">
				<expression repeat="yes">([^\|]+)</expression>
			</RegExp>
			<expression noclean="1"/>
		</RegExp>
	</GetEpisodeList>
	<GetEpisodeDetails dest="5">
		<RegExp input="$$3" output="&lt;details&gt;\1&lt;/details&gt;" dest="5">
			<RegExp input="$$2" output="&lt;title&gt;第\1集&lt;/title&gt;" dest="3">
				<expression/>
			</RegExp>
			<RegExp input="$INFO[genre]" output="&lt;genre&gt;\1&lt;/genre&gt;" dest="3+">
				<expression repeat="yes">([^\|]+)</expression>
			</RegExp>
			<RegExp input="$INFO[country]" output="&lt;country&gt;\1&lt;/country&gt;" dest="3+">
				<expression repeat="yes">([^\|]+)</expression>
			</RegExp>
			<RegExp input="$INFO[tag]" output="&lt;tag&gt;\1&lt;/tag&gt;" dest="3+">
				<expression repeat="yes">([^\|]+)</expression>
			</RegExp>
			<RegExp input="$INFO[credits]" output="&lt;credits&gt;\1&lt;/credits&gt;" dest="3+">
				<expression repeat="yes">([^\|]+)</expression>
			</RegExp>
			<RegExp input="$INFO[director]" output="&lt;director&gt;\1&lt;/director&gt;" dest="3+">
				<expression repeat="yes">([^\|]+)</expression>
			</RegExp>
			<RegExp input="$INFO[premiered]" output="&lt;premiered&gt;\1&lt;/premiered&gt;" dest="3+">
				<expression>([0-9]{4}-[0-9]{2}-[0-9]{2})</expression>
			</RegExp>
			<RegExp input="$INFO[premiered]" output="&lt;year&gt;\1&lt;/year&gt;" dest="3+">
				<expression>([0-9]{4})-[0-9]{2}-[0-9]{2}</expression>
			</RegExp>
			<RegExp input="$INFO[studio]" output="&lt;studio&gt;\1&lt;/studio&gt;" dest="3+">
				<expression repeat="yes">([^\|]+)</expression>
			</RegExp>
			<expression noclean="1"/>
		</RegExp>
	</GetEpisodeDetails>
</scraper>
