<?xml version="1.0" encoding="UTF-8"?>
<scraper framework="1.1" date="2019-02-14">
	<NfoUrl dest="3">
		<RegExp input="$$1" output="&lt;details&gt;&lt;url&gt;$INFO[site]$INFO[language]\1&lt;/url&gt;&lt;/details&gt;" dest="3">
			<expression trim="1">https://www.javbus.com/(.+)</expression>
		</RegExp>
	</NfoUrl>
	<CreateSearchUrl dest="3">
		<RegExp input="$$1" output="\1" dest="1">
			<expression trim="1">^(?:[Cc]arib-)?([0-9]+-[0-9]+)</expression>
		</RegExp>
		<RegExp input="$$1" output="\1_\2" dest="1">
			<expression trim="1">^(?:1[Pp]ondo-)?([0-9]+)%20([0-9]+)</expression>
		</RegExp>
		<RegExp input="$$1" output="\1" dest="1">
			<expression trim="1">^([A-Za-z]+-?[0-9]+)</expression>
		</RegExp>
		<RegExp input="$$1" output="\1" dest="1">
			<expression trim="1">^([A-Za-z]+-[A-Za-z][0-9]+)</expression>
		</RegExp>
		<!-- 无码 -->
		<RegExp conditional="!censored" input="$$1" output="&lt;url&gt;$INFO[site]$INFO[language]uncensored/search/\1|cookie=existmag%3dall&lt;/url&gt;" dest="3">
			<expression/>
		</RegExp>
		<!-- 有码 -->
		<RegExp conditional="censored" input="$$1" output="&lt;url&gt;$INFO[site]$INFO[language]search/\1|cookie=existmag%3dall&lt;/url&gt;" dest="3">
			<expression/>
		</RegExp>
	</CreateSearchUrl>
	<GetSearchResults dest="8">
		<RegExp input="$$3" output="&lt;results&gt;\1&lt;/results&gt;" dest="8">
			<RegExp input="$$1" output="&lt;entity&gt;&lt;title&gt;\4 \3&lt;/title&gt;&lt;url&gt;\1&lt;/url&gt;&lt;id&gt;\2&lt;/id&gt;&lt;/entity&gt;" dest="3">
				<expression trim="1,2,3,4" repeat="yes">&lt;a class=&quot;movie-box&quot; href=&quot;(.+?)&quot;&gt;.*?img src=&quot;(.+?)&quot; title=&quot;(.+?)&quot;.*?&lt;date&gt;(.+?)&lt;/date&gt;</expression>
			</RegExp>
			<expression noclean="1"/>
		</RegExp>
	</GetSearchResults>
	<GetDetails dest="8">
		<RegExp input="$$3" output="&lt;details&gt;\1&lt;/details&gt;" dest="8">
			<RegExp input="$$1" output="&lt;title&gt;\1&lt;/title&gt;" dest="3">
				<expression trim="1">&lt;h3&gt;(.+?)&lt;/h3&gt;</expression>
			</RegExp>
			<RegExp input="$$1" output="&lt;runtime&gt;\1&lt;/runtime&gt;" dest="3+">
				<expression trim="1">&lt;p&gt;&lt;span class=&quot;header&quot;&gt;.*?&lt;/span&gt; (\d+?)[^\d]*?&lt;/p&gt;</expression>
			</RegExp>
			<RegExp conditional="!posterplus" input="$$2" output="&lt;thumb aspect=&quot;poster&quot; preview=&quot;\1&quot;&gt;\1&lt;/thumb&gt;" dest="3+">
				<expression/>
			</RegExp>
			<RegExp input="$$1" output="&lt;thumb aspect=&quot;poster&quot; preview=&quot;\1&quot;&gt;\1&lt;/thumb&gt;" dest="3+">
				<expression trim="1">&lt;a class=&quot;bigImage&quot; href=&quot;(.+?)&quot;&gt;</expression>
			</RegExp>
			<RegExp input="$$5" output="&lt;fanart&gt;\1&lt;/fanart&gt;" dest="3+">
				<RegExp input="$$1" output="&lt;thumb preview=&quot;\1&quot;&gt;\1&lt;/thumb&gt;" dest="5">
					<expression trim="1" repeat="yes">&lt;a class=&quot;sample-box&quot; href=&quot;(.+?)&quot;&gt;</expression>
				</RegExp>
				<RegExp input="$$1" output="&lt;thumb preview=&quot;\1&quot;&gt;\1&lt;/thumb&gt;" dest="5+">
					<expression trim="1">&lt;a class=&quot;bigImage&quot; href=&quot;(.+?)&quot;&gt;</expression>
				</RegExp>
				<expression noclean="1"/>
			</RegExp>
			<RegExp conditional="posterplus" input="$$2" output="&lt;thumb aspect=&quot;poster&quot; preview=&quot;\1&quot;&gt;\1&lt;/thumb&gt;" dest="3+">
				<expression/>
			</RegExp>
			<RegExp input="$$1" output="\1" dest="4">
				<expression trim="1">&lt;p&gt;&lt;span class=&quot;header&quot;&gt;.*?&lt;/span&gt; &lt;span style=&quot;color:#CC0000;&quot;&gt;(.+?)&lt;/span&gt;</expression>
			</RegExp>
			<RegExp input="$$4" output="&lt;id&gt;\1&lt;/id&gt;" dest="3+">
				<expression/>
			</RegExp>
			<!-- okav -->
			<RegExp input="$$4" output="&lt;chain function=&quot;CreateOKavSearch&quot;&gt;\1&lt;/chain&gt;" dest="3+">
				<expression/>
			</RegExp>
			<RegExp conditional="!censored" input="无码" output="&lt;genre&gt;\1&lt;/genre&gt;" dest="3+">
				<expression/>
			</RegExp>
			<RegExp conditional="censored" input="有码" output="&lt;genre&gt;\1&lt;/genre&gt;" dest="3+">
				<expression/>
			</RegExp>
			<RegExp input="日本" output="&lt;country&gt;\1&lt;/country&gt;" dest="3+">
				<expression/>
			</RegExp>
			<RegExp input="$$1" output="&lt;set&gt;&lt;name&gt;\1&lt;/name&gt;&lt;/set&gt;" dest="3+">
				<expression trim="1">&lt;p&gt;&lt;span class=&quot;header&quot;&gt;.*?&lt;/span&gt; &lt;a href=&quot;.*/series/.*?&quot;&gt;(.+?)&lt;/a&gt;</expression>
			</RegExp>
			<RegExp input="$$1" output="&lt;tag&gt;\1&lt;/tag&gt;" dest="3+">
				<expression trim="1" repeat="yes">&lt;span class=&quot;genre&quot;&gt;&lt;a href=&quot;.*?&quot;&gt;(.+?)&lt;/a&gt;&lt;/span&gt;</expression>
			</RegExp>
			<RegExp input="$$1" output="&lt;director&gt;\1&lt;/director&gt;" dest="3+">
				<expression trim="1">&lt;p&gt;&lt;span class=&quot;header&quot;&gt;.*?&lt;/span&gt; &lt;a href=&quot;.*/director/.*?&quot;&gt;(.+?)&lt;/a&gt;</expression>
			</RegExp>
			<RegExp input="$$1" output="&lt;premiered&gt;\1&lt;/premiered&gt;" dest="3+">
				<expression trim="1">&lt;p&gt;&lt;span class=&quot;header&quot;&gt;.*?&lt;/span&gt; (\d\d\d\d-\d\d-\d\d)&lt;/p&gt;</expression>
			</RegExp>
			<RegExp input="$$1" output="&lt;year&gt;\1&lt;/year&gt;" dest="3+">
				<expression trim="1">&lt;p&gt;&lt;span class=&quot;header&quot;&gt;.*?&lt;/span&gt; (\d\d\d\d)-\d\d-\d\d&lt;/p&gt;</expression>
			</RegExp>
			<RegExp input="$$1" output="&lt;studio&gt;\1&lt;/studio&gt;" dest="3+">
				<expression trim="1">&lt;p&gt;&lt;span class=&quot;header&quot;&gt;.*?&lt;/span&gt; &lt;a href=&quot;.*/studio/.*?&quot;&gt;(.+?)&lt;/a&gt;</expression>
			</RegExp>
			<RegExp input="$$1" output="&lt;actor&gt;&lt;thumb&gt;\1&lt;/thumb&gt;&lt;name&gt;\2&lt;/name&gt;&lt;/actor&gt;" dest="3+">
				<expression trim="1" repeat="yes">class=&quot;star-box star-box-common star-box-up idol-box.*?src=&quot;(.+?)&quot; title=&quot;(.+?)&quot;</expression>
			</RegExp>
			<expression noclean="1"/>
		</RegExp>
	</GetDetails>
	<!-- okav搜索 -->
	<CreateOKavSearch dest="3">
		<RegExp input="$$1" output="&lt;details&gt;&lt;url function=&quot;GetOKavResults&quot; cache=&quot;\1-results-okav.html&quot;&gt;$INFO[oksite]/search.php?k=\1&lt;/url&gt;&lt;/details&gt;" dest="3">
			<expression/>
		</RegExp>
	</CreateOKavSearch>
	<!-- okav结果 -->
	<GetOKavResults dest="7" clearbuffers="no">
		<RegExp input="$$1" output="&lt;details&gt;&lt;url function=&quot;GetOKavDetailsJP&quot; cache=&quot;\1-jp-details-okav.html&quot;&gt;$INFO[oksite]/goods.php/\1.html&lt;/url&gt;&lt;url function=&quot;GetOKavDetailsCN&quot; cache=&quot;\1-cn-details-okav.html&quot;&gt;$INFO[oksite]/shop/goodinfo.php?id=\1&lt;/url&gt;&lt;/details&gt;" dest="7">
			<expression trim="1">&lt;input type=&quot;hidden&quot; name=&quot;goods_id&quot; value=&quot;(.+?)&quot;&gt;</expression>
		</RegExp>
		<!-- 原番号 -->
		<RegExp input="$$1" output="\1" dest="4">
			<expression trim="1">&lt;input name=&quot;k&quot; type=&quot;hidden&quot; value=&quot;(.+?)&quot;&gt;</expression>
		</RegExp>
	</GetOKavResults>
	<!-- okav详情 -->
	<GetOKavDetailsJP dest="8" clearbuffers="no">
		<RegExp input="$$3" output="&lt;details&gt;\1&lt;/details&gt;" dest="8">
			<RegExp input="$$1" output="&lt;plot&gt;\1&lt;/plot&gt;" dest="3">
				<expression trim="1">(?:&lt;BR&gt;&lt;BR&gt;&lt;CENTER&gt;.*?&lt;/CENTER&gt;)?&lt;BR&gt;&lt;BR&gt;(.+?)&lt;BR&gt;&lt;BR&gt;</expression>
			</RegExp>
			<RegExp input="$$1" output="&lt;trailer&gt;\1&lt;/trailer&gt;" dest="3+">
				<expression trim="1">&lt;CENTER&gt;.*?src=&quot;(.+?)&quot;.*?&lt;/CENTER&gt;</expression>
			</RegExp>
			<RegExp input="$$1" output="&lt;thumb aspect=&quot;poster&quot; preview=&quot;\1&quot;&gt;\1&lt;/thumb&gt;" dest="3+">
				<expression trim="1">style=&quot; display:block;background:url\((.+?)\) no-repeat;&quot;</expression>
			</RegExp>
			<RegExp input="$$1" output="&lt;fanart&gt;&lt;thumb preview=&quot;\1\2&quot;&gt;\1\2&lt;/thumb&gt;&lt;/fanart&gt;" dest="3+">
				<expression trim="1,2">友善列印.*?src=&quot;(.+?)getwaterimg.php\?img=(.+?)&v=\d&str=.*?&quot;</expression>
			</RegExp>
			<expression noclean="1"/>
		</RegExp>
		<!-- 原标题 -->
		<RegExp input="$$1" output="\1" dest="6">
			<expression trim="1">&lt;h1&gt;(.+?)&lt;/h1&gt;</expression>
		</RegExp>
	</GetOKavDetailsJP>
	<!-- okav中文详情 -->
	<GetOKavDetailsCN dest="10">
		<RegExp input="$$5" output="&lt;details&gt;\1&lt;/details&gt;" dest="10">
			<RegExp input="$$1" output="&lt;plot&gt;\1&lt;/plot&gt;" dest="5">
				<expression trim="1">AV影片簡介&lt;br&gt;(.+?)&lt;br /&gt;</expression>
			</RegExp>
			<RegExp input="$$1" output="&lt;title&gt;$$4 \1&lt;/title&gt;" dest="5+">
				<expression trim="1">A片片名&lt;br&gt;(.+?)&lt;br&gt;&lt;br&gt;</expression>
			</RegExp>
			<RegExp input="$$1" output="&lt;originaltitle&gt;$$4 $$6&lt;/originaltitle&gt;" dest="5+">
				<expression trim="1">A片片名&lt;br&gt;.*?&lt;br&gt;&lt;br&gt;</expression>
			</RegExp>
			<expression noclean="1"/>
		</RegExp>
	</GetOKavDetailsCN>
</scraper>