﻿<?xml version="1.0" encoding="UTF-8"?>
<scraper framework="1.1" date="2019-05-28">
	<NfoUrl dest="3">
		<RegExp input="$$1" output="&lt;details&gt;&lt;url cache=&quot;\1-detail.html&quot;&gt;https://movie.douban.com/subject/\1/&lt;/url&gt;&lt;/details&gt;" dest="3">
			<expression trim="1">https://movie.douban.com/subject/([0-9]+)/</expression>
		</RegExp>
	</NfoUrl>
	<CreateSearchUrl dest="3">
		<RegExp input="$$1" output="&lt;url cache=&quot;\1-result.html&quot;&gt;https://www.douban.com/search?cat=1002&q=\1&lt;/url&gt;" dest="3">
			<expression trim="1"/>
		</RegExp>
	</CreateSearchUrl>
	<GetSearchResults dest="5">
		<RegExp input="$$3" output="&lt;results sorted=&quot;yes&quot;&gt;\1&lt;/results&gt;" dest="5">
			<RegExp input="$$1" output="&lt;entity&gt;&lt;title&gt;\2 (\3)&lt;/title&gt;&lt;url cache=&quot;\1-detail.html&quot;&gt;https://movie.douban.com/subject/\1/&lt;/url&gt;&lt;id&gt;\1&lt;/id&gt;&lt;/entity&gt;" dest="3">
				<expression repeat="yes" trim="2" fixchars="2">&lt;div class=&quot;title&quot;&gt;\s*?&lt;h3&gt;\s*?&lt;span&gt;\[电视剧\]&lt;/span&gt;.*?onclick=&quot;moreurl\(.*?sid: (\d+),.*?\)&quot; &gt;(.+?)&lt;/a&gt;.*?class=&quot;subject-cast&quot;&gt;.*?/ (\d{4})&lt;/span&gt;</expression>
			</RegExp>
			<expression noclean="1"/>
		</RegExp>
	</GetSearchResults>
	<!-- input : $$1=series html -->
	<!-- input : $$2=id -->
	<!-- input : $$3=series url -->
	<GetDetails dest="5">
		<RegExp input="$$3" output="&lt;details&gt;\1&lt;/details&gt;" dest="5">
			<RegExp input="$$1" output="&lt;title&gt;\1&lt;/title&gt;" dest="3">
				<expression fixchars="1" clear="yes">&lt;title&gt;(.+?)\(豆瓣\)</expression>
			</RegExp>
			<RegExp input="$$1" output="&lt;originaltitle&gt;\1&lt;/originaltitle&gt;" dest="3+">
				<expression fixchars="1">title=&quot;点击看更多海报&quot; alt=&quot;(.+?)&quot;</expression>
			</RegExp>
			<RegExp input="$$1" output="&lt;ratings&gt;&lt;rating name=&quot;douban&quot; max=&quot;10&quot; default=&quot;true&quot;&gt;&lt;value&gt;\1&lt;/value&gt;&lt;votes&gt;\2&lt;/votes&gt;&lt;/rating&gt;&lt;/ratings&gt;" dest="3+">
				<expression>property=&quot;v:average&quot;&gt;(.+?)&lt;/strong&gt;.*?property=&quot;v:votes&quot;&gt;([0-9]+)&lt;/span&gt;</expression>
			</RegExp>
			<RegExp input="$$6" output="&lt;plot&gt;\1©豆瓣&lt;/plot&gt;" dest="3+">
				<RegExp input="$$1" output="\1&lt;br /&gt;" dest="4">
					<expression noclean="1" clear="yes">property=&quot;v:summary&quot; class=&quot;&quot;&gt;(.+?)&lt;/span&gt;</expression>
				</RegExp>
				<RegExp input="$$1" output="\1&lt;br /&gt;" dest="4">
					<expression noclean="1">class=&quot;all hidden&quot;&gt;(.+?)&lt;/span&gt;</expression>
				</RegExp>
				<RegExp input="$$4" output="\1\n" dest="6">
					<expression repeat="yes" trim="1" fixchars="1">(.+?)&lt;br /&gt;</expression>
				</RegExp>
				<expression/>
			</RegExp>
			<RegExp input="$$1" output="&lt;runtime&gt;\1&lt;/runtime&gt;" dest="3+">
				<expression>单集片长:&lt;/span&gt; ([0-9]+)分钟</expression>
			</RegExp>
			<RegExp conditional="poster" input="$$2" output="&lt;url cache=&quot;\1-poster.html&quot; function=&quot;GetPoster&quot;&gt;https://movie.douban.com/subject/\1/photos?type=R&lt;/url&gt;" dest="3+">
				<expression/>
			</RegExp>
			<RegExp conditional="fanart" input="$$2" output="&lt;url cache=&quot;\1-fanart.html&quot; function=&quot;GetFanart&quot;&gt;https://movie.douban.com/subject/\1/photos?type=S&lt;/url&gt;" dest="3+">
				<expression/>
			</RegExp>
			<RegExp conditional="!poster" input="$$1" output="&lt;thumb aspect=&quot;poster&quot; preview=&quot;\1thumb\2&quot;&gt;\1raw\2|Referer=http://movie.douban.com/&lt;/thumb&gt;" dest="3+">
				<expression>title=&quot;点击看更多海报&quot;&gt;\s*?&lt;img src=&quot;(.+?)s_ratio_poster(.+?)&quot;</expression>
			</RegExp>
			<RegExp conditional="!fanart" input="$$8" output="&lt;fanart&gt;\1&lt;/fanart&gt;" dest="3+">
				<RegExp input="$$1" output="\1" dest="4">
					<expression noclean="1" clear="yes">(&lt;ul class=&quot;related-pic-bd.*?&lt;/ul&gt;)</expression>
				</RegExp>
				<RegExp input="$$4" output="&lt;thumb preview=&quot;\1thumb\2&quot;&gt;\1raw\2|Referer=http://movie.douban.com/&lt;/thumb&gt;" dest="8">
					<expression repeat="yes">src=&quot;(.+?)sqxs(.+?)&quot; alt=&quot;图片&quot;</expression>
				</RegExp>
				<expression noclean="1"/>
			</RegExp>
			<RegExp input="$$2" output="&lt;episodeguide&gt;&lt;url cache=&quot;\1-eps-list.html&quot;&gt;https://movie.douban.com/subject/\1/&lt;/url&gt;&lt;/episodeguide&gt;" dest="3+">
				<expression/>
			</RegExp>
			<RegExp input="$$2" output="&lt;id&gt;\1&lt;/id&gt;" dest="3+">
				<expression/>
			</RegExp>
			<RegExp input="$$2" output="&lt;uniqueid type=&quot;douban&quot; default=&quot;true&quot;&gt;\1&lt;/uniqueid&gt;" dest="3+">
				<expression/>
			</RegExp>
			<RegExp input="$$1" output="&lt;uniqueid type=&quot;IMDb&quot;&gt;\1&lt;/uniqueid&gt;" dest="3+">
				<expression>IMDb链接:.*?rel=&quot;nofollow&quot;&gt;(.+?)&lt;/a&gt;</expression>
			</RegExp>
			<RegExp input="$$1" output="&lt;genre&gt;\1&lt;/genre&gt;" dest="3+">
				<expression repeat="yes" fixchars="1">property=&quot;v:genre&quot;&gt;(.+?)&lt;/span&gt;</expression>
			</RegExp>
			<RegExp input="$$4" output="&lt;country&gt;\1&lt;/country&gt;" dest="3+">
				<RegExp input="$$1" output="\1" dest="4">
					<expression noclean="1" clear="yes">制片国家/地区:&lt;/span&gt;(.+?)&lt;br/&gt;</expression>
				</RegExp>
				<expression repeat="yes" trim="1" fixchars="1">([^/]+)</expression>
			</RegExp>
			<RegExp conditional="tag" input="$$1" output="&lt;tag&gt;\1&lt;/tag&gt;" dest="3+">
				<expression repeat="yes" fixchars="1">href=&quot;/tag/(.+?)&quot;</expression>
			</RegExp>
			<RegExp input="$$4" output="&lt;credits&gt;\1&lt;/credits&gt;" dest="3+">
				<RegExp input="$$1" output="\1" dest="4">
					<expression noclean="1" clear="yes">编剧.*?class='attrs'&gt;(.+?)&lt;/span&gt;</expression>
				</RegExp>
				<expression repeat="yes" fixchars="1">&lt;a.*?&gt;(.+?)&lt;/a&gt;</expression>
			</RegExp>
			<RegExp input="$$4" output="&lt;director&gt;\1&lt;/director&gt;" dest="3+">
				<RegExp input="$$1" output="\1" dest="4">
					<expression noclean="1" clear="yes">导演.*?class='attrs'&gt;(.+?)&lt;/span&gt;</expression>
				</RegExp>
				<expression repeat="yes" fixchars="1">&lt;a.*?&gt;(.+?)&lt;/a&gt;</expression>
			</RegExp>
			<RegExp input="$$4" output="&lt;premiered&gt;\1&lt;/premiered&gt;" dest="3+">
				<RegExp input="$$1" output="\1-01-01" dest="4">
					<expression clear="yes">class=&quot;year&quot;&gt;\(([0-9]{4})\)&lt;/span&gt;</expression>
				</RegExp>
				<RegExp input="$$1" output="\1" dest="4">
					<expression>&quot;datePublished&quot;: &quot;([^&quot;]+)&quot;</expression>
				</RegExp>
				<expression/>
			</RegExp>
			<RegExp input="$$1" output="&lt;year&gt;\1&lt;/year&gt;" dest="3+">
				<expression>class=&quot;year&quot;&gt;\(([0-9]{4})\)&lt;/span&gt;</expression>
			</RegExp>
			<RegExp conditional="trailer" input="$$1" output="&lt;url cache=&quot;$$2-trailer.html&quot; function=&quot;GetTrailer&quot;&gt;\1&lt;/url&gt;" dest="3+">
				<expression>class=&quot;related-pic-video&quot; href=&quot;(.+?)&quot; title=&quot;预告片&quot;</expression>
			</RegExp>
			<RegExp conditional="actor" input="$$2" output="&lt;url cache=&quot;$$2-actor.json&quot; function=&quot;GetActor&quot;&gt;https://m.douban.com/rexxar/api/v2/tv/\1/credits|Referer=https://m.douban.com/&lt;/url&gt;" dest="3+">
				<expression/>
			</RegExp>
			<RegExp conditional="!actor" input="$$1" output="&lt;actor&gt;&lt;name&gt;\2&lt;/name&gt;&lt;role&gt;\3&lt;/role&gt;&lt;thumb&gt;\1&lt;/thumb&gt;&lt;/actor&gt;" dest="3+">
				<expression repeat="yes" fixchars="2,3">class=&quot;avatar&quot; style=&quot;background-image: url\(([^&quot;]+)\)&quot;&gt;\s*?&lt;/div&gt;\s*?&lt;/a&gt;\s*&lt;div class=&quot;info&quot;&gt;\s*&lt;span class=&quot;name&quot;&gt;&lt;a href=&quot;[^&quot;]*&quot; title=&quot;[^&quot;]*&quot; class=&quot;name&quot;&gt;([^&quot;]+)&lt;/a&gt;&lt;/span&gt;\s*?&lt;span class=&quot;role&quot; title=&quot;(?:配 |配音|饰 |演员)([^&quot;]*)&quot;</expression>
			</RegExp>
			<expression noclean="1"/>
		</RegExp>
	</GetDetails>
	<!-- input : $$1=episodeguide html -->
	<!-- input : $$2=episodeguide url -->
	<GetEpisodeList dest="5">
		<RegExp input="$$3" output="&lt;episodeguide&gt;\1&lt;/episodeguide&gt;" dest="5">
			<RegExp input="$$2" output="\1" dest="4">
				<expression>subject/([0-9]+)/</expression>
			</RegExp>
			<RegExp input="1|2|3|4|5|6|7|8|9|10|11|12|13|14|15|16|17|18|19|20|21|22|23|24|25|26|27|28|29|30|31|32|33|34|35|36|37|38|39|40|41|42|43|44|45|46|47|48|49|50|51|52|53|54|55|56|57|58|59|60|61|62|63|64|65|66|67|68|69|70|71|72|73|74|75|76|77|78|79|80|81|82|83|84|85|86|87|88|89|90|91|92|93|94|95|96|97|98|99|100|101|102|103|104|105|106|107|108|109|110|111|112|113|114|115|116|117|118|119|120|121|122|123|124|125|126|127|128|129|130|131|132|133|134|135|136|137|138|139|140|141|142|143|144|145|146|147|148|149|150|151|152|153|154|155|156|157|158|159|160|161|162|163|164|165|166|167|168|169|170|171|172|173|174|175|176|177|178|179|180|181|182|183|184|185|186|187|188|189|190|191|192|193|194|195|196|197|198|199|200|201|202|203|204|205|206|207|208|209|210|211|212|213|214|215|216|217|218|219|220|221|222|223|224|225|226|227|228|229|230|231|232|233|234|235|236|237|238|239|240|241|242|243|244|245|246|247|248|249|250|251|252|253|254|255|256|257|258|259|260|261|262|263|264|265|266|267|268|269|270|271|272|273|274|275|276|277|278|279|280|281|282|283|284|285|286|287|288|289|290|291|292|293|294|295|296|297|298|299|300|301|302|303|304|305|306|307|308|309|310|311|312|313|314|315|316|317|318|319|320|321|322|323|324|325|326|327|328|329|330|331|332|333|334|335|336|337|338|339|340|341|342|343|344|345|346|347|348|349|350|351|352|353|354|355|356|357|358|359|360|361|362|363|364|365|366|367|368|369|370|371|372|373|374|375|376|377|378|379|380|381|382|383|384|385|386|387|388|389|390|391|392|393|394|395|396|397|398|399|400|401|402|403|404|405|406|407|408|409|410|411|412|413|414|415|416|417|418|419|420|421|422|423|424|425|426|427|428|429|430|431|432|433|434|435|436|437|438|439|440|441|442|443|444|445|446|447|448|449|450|451|452|453|454|455|456|457|458|459|460|461|462|463|464|465|466|467|468|469|470|471|472|473|474|475|476|477|478|479|480|481|482|483|484|485|486|487|488|489|490|491|492|493|494|495|496|497|498|499|500|501|502|503|504|505|506|507|508|509|510|511|512|513|514|515|516|517|518|519|520|521|522|523|524|525|526|527|528|529|530|531|532|533|534|535|536|537|538|539|540|541|542|543|544|545|546|547|548|549|550|551|552|553|554|555|556|557|558|559|560|561|562|563|564|565|566|567|568|569|570|571|572|573|574|575|576|577|578|579|580|581|582|583|584|585|586|587|588|589|590|591|592|593|594|595|596|597|598|599|600|601|602|603|604|605|606|607|608|609|610|611|612|613|614|615|616|617|618|619|620|621|622|623|624|625|626|627|628|629|630|631|632|633|634|635|636|637|638|639|640|641|642|643|644|645|646|647|648|649|650|651|652|653|654|655|656|657|658|659|660|661|662|663|664|665|666|667|668|669|670|671|672|673|674|675|676|677|678|679|680|681|682|683|684|685|686|687|688|689|690|691|692|693|694|695|696|697|698|699|700|701|702|703|704|705|706|707|708|709|710|711|712|713|714|715|716|717|718|719|720|721|722|723|724|725|726|727|728|729|730|731|732|733|734|735|736|737|738|739|740|741|742|743|744|745|746|747|748|749|750|751|752|753|754|755|756|757|758|759|760|761|762|763|764|765|766|767|768|769|770|771|772|773|774|775|776|777|778|779|780|781|782|783|784|785|786|787|788|789|790|791|792|793|794|795|796|797|798|799|800|801|802|803|804|805|806|807|808|809|810|811|812|813|814|815|816|817|818|819|820|821|822|823|824|825|826|827|828|829|830|831|832|833|834|835|836|837|838|839|840|841|842|843|844|845|846|847|848|849|850|851|852|853|854|855|856|857|858|859|860|861|862|863|864|865|866|867|868|869|870|871|872|873|874|875|876|877|878|879|880|881|882|883|884|885|886|887|888|889|890|891|892|893|894|895|896|897|898|899|900|901|902|903|904|905|906|907|908|909|910|911|912|913|914|915|916|917|918|919|920|921|922|923|924|925|926|927|928|929|930|931|932|933|934|935|936|937|938|939|940|941|942|943|944|945|946|947|948|949|950|951|952|953|954|955|956|957|958|959|960|961|962|963|964|965|966|967|968|969|970|971|972|973|974|975|976|977|978|979|980|981|982|983|984|985|986|987|988|989|990|991|992|993|994|995|996|997|998|999" output="&lt;episode&gt;&lt;url&gt;https://www.baidu.com/s?wd=\1&lt;/url&gt;&lt;epnum&gt;\1&lt;/epnum&gt;&lt;season&gt;1&lt;/season&gt;&lt;id&gt;\1&lt;/id&gt;&lt;/episode&gt;" dest="3">
				<expression repeat="yes">([^\|]+)</expression>
			</RegExp>
			<RegExp input="$$1" output="&lt;episode&gt;&lt;url cache=&quot;$$4-\2-eps-detail.html&quot;&gt;https://movie.douban.com\1&lt;/url&gt;&lt;epnum&gt;\2&lt;/epnum&gt;&lt;season&gt;1&lt;/season&gt;&lt;id&gt;\2&lt;/id&gt;&lt;/episode&gt;" dest="3">
				<expression repeat="yes">&lt;a class=&quot; item&quot; href=&quot;(/subject/[0-9]+/episode/[0-9]+/)&quot;&gt;([0-9]+)集&lt;/a&gt;</expression>
			</RegExp>
			<expression noclean="1"/>
		</RegExp>
	</GetEpisodeList>
	<!-- input : $$1=episode html -->
	<!-- input : $$2=id -->
	<!-- input : $$3=episode url -->
	<GetEpisodeDetails dest="5">
		<RegExp input="$$3" output="&lt;details&gt;\1&lt;/details&gt;" dest="5">
			<RegExp input="$$2" output="&lt;title&gt;第\1集$$4&lt;/title&gt;" dest="3">
				<RegExp input="$$1" output=" \1" dest="4">
					<expression fixchars="1">&lt;span&gt;本集中文名:&lt;/span&gt;\s*&lt;span class=&quot;all&quot;&gt;(.+?)&lt;/span&gt;</expression>
				</RegExp>
				<expression/>
			</RegExp>
			<RegExp input="$$1" output="&lt;originaltitle&gt;\1&lt;/originaltitle&gt;" dest="3+">
				<expression fixchars="1">&lt;span&gt;本集原名:&lt;/span&gt;\s*&lt;span class=&quot;all&quot;&gt;(.+?)&lt;/span&gt;</expression>
			</RegExp>
			<RegExp input="$$1" output="&lt;aired&gt;\1&lt;/aired&gt;" dest="3+">
				<expression>&lt;span&gt;播放时间:&lt;/span&gt;\s*&lt;span class=&quot;all&quot;&gt;([0-9]{4}-[0-9]{2}-[0-9]{2})&lt;/span&gt;</expression>
			</RegExp>
			<RegExp input="$$6" output="&lt;plot&gt;\1&lt;/plot&gt;" dest="3+">
				<RegExp input="$$1" output="\1&lt;br/&gt;" dest="4">
					<expression noclean="1" clear="yes">&lt;p id=&quot;link-report&quot;&gt;\s*&lt;span class=&quot;all&quot;&gt;(.+?)&lt;/span&gt;</expression>
				</RegExp>
				<RegExp input="$$4" output="\1\n" dest="6">
					<expression repeat="yes" trim="1" fixchars="1">(.+?)&lt;br/&gt;</expression>
				</RegExp>
				<expression/>
			</RegExp>
			<expression noclean="1"/>
		</RegExp>
	</GetEpisodeDetails>
	<GetPoster dest="5">
		<RegExp input="$$3" output="&lt;details&gt;\1&lt;/details&gt;" dest="5">
			<RegExp input="$$1" output="&lt;thumb aspect=&quot;poster&quot; preview=&quot;\1thumb\2&quot;&gt;\1raw\2|Referer=http://movie.douban.com/&lt;/thumb&gt;" dest="3">
				<expression repeat="yes">&lt;div class=&quot;cover&quot;&gt;\s*&lt;a href=&quot;https://movie.douban.com/photos/photo/[0-9]+/&quot;&gt;\s*&lt;img src=&quot;(https://[^/]+/view/photo/)m(/public/[^\.]+\.jpg)&quot; /&gt;</expression>
			</RegExp>
			<expression noclean="1"/>
		</RegExp>
	</GetPoster>
	<GetFanart dest="5">
		<RegExp input="$$3" output="&lt;details&gt;&lt;fanart&gt;\1&lt;/fanart&gt;&lt;/details&gt;" dest="5">
			<RegExp input="$$1" output="&lt;thumb preview=&quot;\1thumb\2&quot;&gt;\1raw\2|Referer=http://movie.douban.com/&lt;/thumb&gt;" dest="3">
				<expression repeat="yes">&lt;div class=&quot;cover&quot;&gt;\s*&lt;a href=&quot;https://movie.douban.com/photos/photo/[0-9]+/&quot;&gt;\s*&lt;img src=&quot;(https://[^/]+/view/photo/)m(/public/[^\.]+\.jpg)&quot; /&gt;</expression>
			</RegExp>
			<expression noclean="1"/>
		</RegExp>
	</GetFanart>
	<GetTrailer dest="3">
		<RegExp input="$$1" output="&lt;details&gt;&lt;trailer&gt;\1&lt;/trailer&gt;&lt;/details&gt;" dest="3">
			<expression>source src=&quot;(.+?)&quot;</expression>
		</RegExp>
	</GetTrailer>
	<GetActor dest="5">
		<RegExp input="$$3" output="&lt;details&gt;\1&lt;/details&gt;" dest="5">
			<RegExp input="$$4" output="&lt;actor&gt;&lt;name&gt;\3&lt;/name&gt;&lt;role&gt;\1&lt;/role&gt;&lt;thumb&gt;\2&lt;/thumb&gt;&lt;/actor&gt;" dest="6">
				<RegExp input="$$1" output="\1" dest="4">
					<expression noclean="1" clear="yes">&quot;title&quot;: &quot;\\u5bfc\\u6f14&quot;}, {&quot;celebrities&quot;: \[(.+?)\], &quot;title&quot;: &quot;\\u6f14\\u5458&quot;</expression>
				</RegExp>
				<expression repeat="yes" fixchars="1,3">&quot;character&quot;: &quot;(.*?)&quot;.*?&quot;cover_url&quot;: &quot;(.+?)&quot;.*?&quot;name&quot;: &quot;(.+?)&quot;</expression>
			</RegExp>
			<RegExp input="$$6" output="\1" dest="3">
				<expression repeat="yes" noclean="1">([^\\]+)</expression>
			</RegExp>
			<expression noclean="1"/>
		</RegExp>
	</GetActor>
</scraper>
