﻿<?xml version="1.0" encoding="UTF-8" standalone="yes"?>
<addon id="metadata.javbus.com" name="Javbus" version="2.1.9" provider-name="Timothy">
	<requires>
		<import addon="xbmc.metadata" version="1.0"/>
	</requires>
	<extension point="xbmc.metadata.scraper.movies" language="zh" library="javbus.xml"/>
	<extension point="xbmc.addon.metadata">
		<summary lang="en">Javbus Scraper</summary>
		<summary lang="zh">Javbus刮削器</summary>
		<description lang="en">Download information from www.javbus.com.</description>
		<description lang="zh">从www.javbus.com下载资料。</description>
		<platform>all</platform>
	</extension>
</addon>
