﻿<?xml version="1.0" encoding="UTF-8"?>
<scraper framework="1.1" date="2019-06-19">
	<NfoUrl dest="3">
		<RegExp input="$$1" output="&lt;details&gt;&lt;url cache=&quot;\1-detail.html&quot;&gt;https://emumo.xiami.com/artist/\1|User-Agent=Mozilla%2F5.0%20(compatible%3B%20MSIE%209.0%3B%20Windows%20NT%206.1%3B%20Trident%2F5.0)&lt;/url&gt;&lt;/details&gt;" dest="3">
			<expression trim="1">https://emumo.xiami.com/artist/(.+?)$</expression>
		</RegExp>
	</NfoUrl>
	<CreateArtistSearchUrl dest="3">
		<RegExp input="$$1" output="&lt;url cache=&quot;\1-result.html&quot;&gt;https://emumo.xiami.com/search/artist?key=\1&lt;/url&gt;" dest="3">
			<expression trim="1"/>
		</RegExp>
	</CreateArtistSearchUrl>
	<GetArtistSearchResults dest="5">
		<RegExp input="$$3" output="&lt;results sorted=&quot;yes&quot;&gt;\1&lt;/results&gt;" dest="5">
			<RegExp input="$$1" output="&lt;entity&gt;&lt;title&gt;\2&lt;/title&gt;&lt;url cache=&quot;\1-detail.html&quot;&gt;https://emumo.xiami.com/artist/\1|User-Agent=Mozilla%2F5.0%20(compatible%3B%20MSIE%209.0%3B%20Windows%20NT%206.1%3B%20Trident%2F5.0)&lt;/url&gt;&lt;id&gt;\1&lt;/id&gt;&lt;/entity&gt;" dest="3">
				<expression repeat="yes" fixchars="2">&lt;p class=&quot;name&quot;&gt;\s*&lt;a class=&quot;title&quot; target=&quot;_blank&quot; href=&quot;//emumo.xiami.com/artist/([0-9a-zA-Z]+)&quot; title=&quot;.*?&quot;&gt;(.+?)&lt;/a&gt;</expression>
			</RegExp>
			<expression noclean="1" />
		</RegExp>
	</GetArtistSearchResults>
	<GetArtistDetails dest="5">
		<RegExp input="$$3" output="&lt;details&gt;\1&lt;/details&gt;" dest="5">
			<RegExp input="$$1" output="&lt;name&gt;\1&lt;/name&gt;" dest="3">
				<expression fixchars="1">&lt;div id=&quot;title&quot;&gt;\s*&lt;h1&gt;(.+?)&lt;</expression>
			</RegExp>
			<RegExp input="$$1" output="&lt;style&gt;\1&lt;/style&gt;" dest="3+">
				<expression repeat="yes" fixchars="1">&lt;a href=&quot;/genre/detail/sid/[0-9]+&quot; rel=&quot;nofollow&quot;&gt;(.+?)&lt;/a&gt;</expression>
			</RegExp>
			<RegExp input="$$6" output="&lt;biography&gt;\1&lt;/biography&gt;" dest="3+">
				<RegExp input="$$1" output="\1&lt;br /&gt;" dest="4">
					<expression noclean="1">&lt;div class=&quot;record&quot;&gt;(.+?)&lt;/div&gt;</expression>
				</RegExp>
				<RegExp input="$$4" output="\1\n" dest="6">
					<expression repeat="yes" fixchars="1">(.+?)&lt;br /&gt;</expression>
				</RegExp>
				<expression/>
			</RegExp>
			<RegExp input="$$1" output="&lt;thumb aspect=&quot;poster&quot; preview=&quot;https:\1@\2|Referer=https://emumo.xiami.com/&quot;&gt;https:\1|Referer=https://emumo.xiami.com/&lt;/thumb&gt;" dest="3+">
				<expression>data-lightbox=&quot;lightbox&quot;&gt;\s*&lt;img src=&quot;(.+?)@(.+?)&quot; alt=&quot;.*?&quot;/&gt;</expression>
			</RegExp>
			<RegExp input="$$1" output="&lt;url cache=&quot;\1-hot-fanart.html&quot; function=&quot;GetFanart&quot;&gt;https://emumo.xiami.com/artist/\1|User-Agent=Mozilla%2F5.0%20(compatible%3B%20MSIE%209.0%3B%20Windows%20NT%206.1%3B%20Trident%2F5.0)&lt;/url&gt;&lt;url cache=&quot;\1-new-fanart.html&quot; function=&quot;GetFanart&quot;&gt;https://emumo.xiami.com/artist/\1?tab=new|User-Agent=Mozilla%2F5.0%20(compatible%3B%20MSIE%209.0%3B%20Windows%20NT%206.1%3B%20Trident%2F5.0)&lt;/url&gt;" dest="3+">
				<expression>&lt;!--&lt;a href=&quot;/artist/(pic-[0-9]+)&quot; class=&quot;more&quot;&gt;更多照片&lt;/a&gt;--&gt;</expression>
			</RegExp>
			<RegExp input="$$1" output="&lt;album&gt;&lt;title&gt;\1&lt;/title&gt;&lt;year&gt;\2&lt;/year&gt;&lt;/album&gt;" dest="3+">
				<expression repeat="yes">&lt;div class=&quot;album_item100_block&quot;&gt;.*?&lt;p class=&quot;name&quot;&gt;(.+?)&lt;/p&gt;.*?&lt;p class=&quot;year&quot;&gt;([0-9]{4})-[0-9]{2}-[0-9]{2}&lt;/p&gt;</expression>
			</RegExp>
			<expression noclean="1"/>
		</RegExp>
	</GetArtistDetails>
	<GetFanart dest="5">
		<RegExp input="$$3" output="&lt;details&gt;&lt;fanart&gt;\1&lt;/fanart&gt;&lt;/details&gt;" dest="5">
			<RegExp input="$$1" output="&lt;thumb preview=&quot;https:\1@\2|Referer=https://emumo.xiami.com/&quot;&gt;https:\1|Referer=https://emumo.xiami.com/&lt;/thumb&gt;" dest="3">
				<expression repeat="yes">&lt;p class=&quot;cover&quot;&gt;&lt;a title=&quot;&quot; href=&quot;/artist/pic-detail/pid/[0-9]+&quot;&gt;&lt;img alt=&quot;&quot; src=&quot;(.+?)@(.+?)&quot;&gt;&lt;/a&gt;&lt;/p&gt;</expression>
			</RegExp>
			<expression noclean="1"/>
		</RegExp>
	</GetFanart>
</scraper>
