﻿<?xml version="1.0" encoding="UTF-8"?>
<scraper framework="1.1" date="2019-06-19">
	<NfoUrl dest="3">
		<RegExp input="$$1" output="&lt;details&gt;&lt;url cache=&quot;\1-detail.html&quot;&gt;https://emumo.xiami.com/album/\1|User-Agent=Mozilla%2F5.0%20(compatible%3B%20MSIE%209.0%3B%20Windows%20NT%206.1%3B%20Trident%2F5.0)&lt;/url&gt;&lt;/details&gt;" dest="3">
			<expression trim="1">https://emumo.xiami.com/album/(.+?)$</expression>
		</RegExp>
	</NfoUrl>
	<CreateAlbumSearchUrl dest="3">
		<RegExp input="$$1" output="&lt;url cache=&quot;\1-result.html&quot;&gt;https://emumo.xiami.com/search/album?key=\1&lt;/url&gt;" dest="3">
			<expression trim="1"/>
		</RegExp>
	</CreateAlbumSearchUrl>
	<GetAlbumSearchResults dest="5">
		<RegExp input="$$3" output="&lt;results sorted=&quot;yes&quot;&gt;\1&lt;/results&gt;" dest="5">
			<RegExp input="$$1" output="&lt;entity&gt;&lt;year&gt;\5&lt;/year&gt;&lt;artist&gt;\4&lt;/artist&gt;&lt;title&gt;\2&lt;/title&gt;&lt;url cache=&quot;\1-detail.html&quot;&gt;https://emumo.xiami.com/album/\1|User-Agent=Mozilla%2F5.0%20(compatible%3B%20MSIE%209.0%3B%20Windows%20NT%206.1%3B%20Trident%2F5.0)&lt;/url&gt;&lt;id&gt;\1#\3&lt;/id&gt;&lt;/entity&gt;" dest="3">
				<expression repeat="yes" fixchars="2,4">&lt;p class=&quot;name&quot;&gt;\s*&lt;a href=&quot;//emumo.xiami.com/album/([0-9a-zA-Z]+)&quot; title=&quot;.*?&quot;&gt;(.+?)&lt;/a&gt;\s*&lt;a class=&quot;singer&quot; href=&quot;//emumo.xiami.com/artist/([0-9a-zA-Z]+)&quot; title=&quot;.*?&quot;&gt;(.+?)&lt;/a&gt;\s*&lt;/p&gt;.*?&lt;p class=&quot;year&quot;&gt;([0-9]{4})-[0-9]{2}&lt;/p&gt;</expression>
			</RegExp>
			<expression noclean="1" />
		</RegExp>
	</GetAlbumSearchResults>
	<GetAlbumDetails dest="5">
		<RegExp input="$$3" output="&lt;details&gt;\1&lt;/details&gt;" dest="5">
			<RegExp input="$$1" output="&lt;title&gt;\1&lt;/title&gt;" dest="3">
				<expression fixchars="1">&lt;h1 property=&quot;v:itemreviewed&quot;&gt;(.+?)&lt;</expression>
			</RegExp>
			<RegExp input="$$4" output="&lt;genre&gt;\1&lt;/genre&gt;" dest="3+">
				<RegExp input="$$1" output="\1" dest="4">
					<expression noclean="1">&lt;td class=&quot;item&quot; valign=&quot;top&quot;&gt;专辑类别：&lt;/td&gt;\s*?&lt;td valign=&quot;top&quot;&gt;(.+?)&lt;/td&gt;</expression>
				</RegExp>
				<expression repeat="yes" fixchars="1">([^、]+)</expression>
			</RegExp>
			<RegExp input="$$1" output="&lt;style&gt;\1&lt;/style&gt;" dest="3+">
				<expression repeat="yes" fixchars="1">&lt;a href=&quot;/genre/detail/sid/[0-9]+&quot; &gt;(.+?)&lt;/a&gt;</expression>
			</RegExp>
			<RegExp input="$$1" output="&lt;review&gt;\1&lt;/review&gt;" dest="3+">
				<expression fixchars="1">&lt;span property=&quot;v:summary&quot;&gt;(.+?)&lt;div class=&quot;album_intro_toggle&quot;&gt;</expression>
			</RegExp>
			<RegExp input="$$1" output="&lt;thumb aspect=&quot;poster&quot; preview=&quot;https:\1@\2|Referer=https://emumo.xiami.com/&quot;&gt;https:\1|Referer=https://emumo.xiami.com/&lt;/thumb&gt;" dest="3+">
				<expression>&lt;img class=&quot;cdCover185&quot;  src=&quot;(.+?)@(.+?)&quot;  rel=&quot;v:photo&quot;  alt=&quot;.*?&quot;/&gt;</expression>
			</RegExp>
			<RegExp input="$$1" output="&lt;rating max=&quot;10&quot;&gt;\1&lt;/rating&gt;" dest="3+">
				<expression>&lt;em property=&quot;v:value&quot;&gt;(.+?)&lt;/em&gt;</expression>
			</RegExp>
			<RegExp input="$$1" output="&lt;votes&gt;\1&lt;/votes&gt;" dest="3+">
				<expression>&lt;i property=&quot;v:votes&quot;&gt;([0-9]+)&lt;/i&gt;</expression>
			</RegExp>
			<RegExp input="$$1" output="&lt;year&gt;\1&lt;/year&gt;" dest="3+">
				<expression fixchars="1">&lt;td class=&quot;item&quot; valign=&quot;top&quot;&gt;发行时间：&lt;/td&gt;\s*?&lt;td valign=&quot;top&quot;&gt;([0-9]{4})年[0-9]{2}月[0-9]{2}日&lt;/td&gt;</expression>
			</RegExp>
			<RegExp input="$$1" output="&lt;albumArtistCredits&gt;&lt;artist&gt;\1&lt;/artist&gt;&lt;/albumArtistCredits&gt;" dest="3+">
				<expression fixchars="1">&lt;td class=&quot;item&quot; width=&quot;64&quot; valign=&quot;top&quot;&gt;艺人：&lt;/td&gt;\s*&lt;td valign=&quot;top&quot;&gt;\s*&lt;a href=&quot;/artist/[0-9a-zA-Z]+&quot; title=&quot;.*?&quot;&gt;(.+?)&lt;/a&gt;\s*&lt;/td&gt;</expression>
			</RegExp>
			<RegExp input="$$1" output="&lt;track&gt;&lt;title&gt;\2&lt;/title&gt;&lt;position&gt;\1&lt;/position&gt;&lt;/track&gt;" dest="3+">
				<expression repeat="yes" fixchars="2">&lt;td class=&quot;trackid&quot;&gt;([0-9]+)\s*&lt;/td&gt;\s*&lt;td class=&quot;song_name&quot;&gt;\s*&lt;a href=&quot;/song/[0-9a-zA-Z]+&quot; title=&quot;.*?&quot;&gt;(.+?)&lt;/a&gt;</expression>
			</RegExp>
			<expression noclean="1"/>
		</RegExp> 
	</GetAlbumDetails> 
</scraper> 
