﻿<?xml version="1.0" encoding="UTF-8" standalone="yes"?>
<addon id="repository.timesail" name="timesail repository" version="1.0.0" provider-name="Tim">
	<extension point="xbmc.addon.repository">
		<info>https://github.com/timesail/timesail/raw/master/addons.xml</info>
		<checksum>https://github.com/timesail/timesail/raw/master/addons.xml.md5</checksum>
		<datadir>https://github.com/timesail/timesail/raw/master</datadir>
	</extension>
	<extension point="xbmc.addon.metadata">
		<summary>timesail repository</summary>
		<summary lang="zh">timesail插件库</summary>
		<description>Download and install add-ons from timesail repository.</description>
		<description lang="zh">从timesail插件库下载安装插件。</description>
		<disclaimer>Tim did not make all the add-ons on this repository and is not responsible for their content.</disclaimer>
		<disclaimer lang="zh">本库中扩展功能模块不完全由Tim开发，对他人提交的内容不承担责任。</disclaimer>
		<platform>all</platform>
	</extension>
</addon>
