﻿<?xml version="1.0" encoding="UTF-8" standalone="yes"?>
<addon id="metadata.tvshow.simple" name="Simple TVShow" version="1.0.2" provider-name="Tim">
	<requires>
		<import addon="xbmc.metadata" version="2.1.0"/>
	</requires>
	<extension point="xbmc.metadata.scraper.tvshows" language="zh" library="simple.xml"/>
	<extension point="xbmc.addon.metadata">
		<summary lang="en">Simple TVShow Scraper</summary>
		<summary lang="zh">简单剧集刮削器</summary>
		<description lang="en">Universal scraper, scrap any TVShow just by file name (no poster).</description>
		<description lang="zh">万能刮削器，使用文件名刮削任意剧集(无海报)。</description>
		<platform>all</platform>
	</extension>
</addon>
