<?xml version="1.0" encoding="UTF-8"?>
<scraper framework="1.1" date="2019-06-15">
	<NfoUrl dest="3">
		<RegExp input="$$1" output="&lt;details&gt;&lt;url cache=&quot;\1-detail.html&quot;&gt;https://emumo.xiami.com/song/\1|User-Agent=Mozilla%2F5.0%20(compatible%3B%20MSIE%209.0%3B%20Windows%20NT%206.1%3B%20Trident%2F5.0)&lt;/url&gt;&lt;/details&gt;" dest="3">
			<expression trim="1">https://emumo.xiami.com/song/(.+?)$</expression>
		</RegExp>
	</NfoUrl>
	<CreateSearchUrl dest="3">
		<RegExp input="$$1" output="&lt;url cache=&quot;\1-result.html&quot;&gt;https://emumo.xiami.com/search/song?key=\1&lt;/url&gt;" dest="3">
			<expression trim="1"/>
		</RegExp>
	</CreateSearchUrl>
	<GetSearchResults dest="5">
		<RegExp input="$$3" output="&lt;results sorted=&quot;yes&quot;&gt;\1&lt;/results&gt;" dest="5">
			<RegExp input="$$1" output="&lt;entity&gt;&lt;title&gt;\4 - \2 \6&lt;/title&gt;&lt;url cache=&quot;\1-detail.html&quot;&gt;https://emumo.xiami.com/song/\1|User-Agent=Mozilla%2F5.0%20(compatible%3B%20MSIE%209.0%3B%20Windows%20NT%206.1%3B%20Trident%2F5.0)&lt;/url&gt;&lt;id&gt;\5#\3&lt;/id&gt;&lt;/entity&gt;" dest="3">
				<expression repeat="yes" fixchars="2,4,6">&lt;a target=&quot;_blank&quot; href=&quot;//emumo.xiami.com/song/([0-9a-zA-Z]+)&quot; title=&quot;.*?&quot;&gt;(.+?)&lt;/a&gt;.*?&lt;a target=&quot;_blank&quot; href=&quot;//emumo.xiami.com/artist/([0-9a-zA-Z]+)&quot; title=&quot;.*?&quot;&gt;(.+?)&lt;/a&gt;.*?&lt;a target=&quot;_blank&quot; href=&quot;//emumo.xiami.com/album/([0-9a-zA-Z]+)&quot; title=&quot;.*?&quot;&gt;(.+?)&lt;/a&gt;</expression>
			</RegExp>
			<expression noclean="1"/>
		</RegExp>
	</GetSearchResults>
	<GetDetails dest="5">
		<RegExp input="$$3" output="&lt;details&gt;\1&lt;/details&gt;" dest="5">
			<RegExp input="$$1" output="&lt;title&gt;\1&lt;/title&gt;&lt;album&gt;\3&lt;/album&gt;" dest="3">
				<expression fixchars="1,2,3">property=&quot;og:title&quot; content=&quot;(.+?)&quot;.*?property=&quot;og:music:artist&quot; content=&quot;(.+?)&quot;.*?property=&quot;og:music:album&quot; content=&quot;(.+?)&quot;</expression>
			</RegExp>
			<RegExp input="$$1" output="&lt;plot&gt;\1&lt;/plot&gt;" dest="3+">
				<expression fixchars="1">&lt;div class=&quot;lrc_main&quot;&gt;\n\t{4}(.+?)\n\t{4}&lt;/div&gt;</expression>
			</RegExp>
			<RegExp conditional="albumFanart" input="$$1" output="&lt;fanart&gt;&lt;thumb preview=&quot;https:\1@\2|Referer=https://emumo.xiami.com/&quot;&gt;https:\1|Referer=https://emumo.xiami.com/&lt;/thumb&gt;&lt;/fanart&gt;" dest="3+">
				<expression>&lt;img class=&quot;cdCDcover185&quot;\s*?src=&quot;(.+?)@(.+?)&quot;\s*?/&gt;</expression>
			</RegExp>
			<RegExp input="$$1" output="&lt;artist&gt;\1&lt;/artist&gt;" dest="3+">
				<expression repeat="yes" fixchars="1">&lt;a href=&quot;/artist/[0-9a-zA-Z]+&quot; title=&quot;.*?&quot;&gt;(.+?)&lt;/a&gt;</expression>
			</RegExp>
			<RegExp input="$$2" output="&lt;url cache=&quot;\1-album.html&quot; function=&quot;GetAlbumInfoByID&quot;&gt;https://emumo.xiami.com/album/\1|User-Agent=Mozilla%2F5.0%20(compatible%3B%20MSIE%209.0%3B%20Windows%20NT%206.1%3B%20Trident%2F5.0)&lt;/url&gt;" dest="3+">
				<expression>^([0-9a-zA-Z]+)#([0-9a-zA-Z]+)$</expression>
			</RegExp>
			<expression noclean="1"/>
		</RegExp>
	</GetDetails>
	<GetAlbumInfoByID dest="5">
		<RegExp input="$$3" output="&lt;details&gt;\1&lt;/details&gt;" dest="5">
			<RegExp input="$$4" output="&lt;genre&gt;\1&lt;/genre&gt;" dest="3+">
				<RegExp input="$$1" output="\1" dest="4">
					<expression noclean="1">&lt;td class=&quot;item&quot; valign=&quot;top&quot;&gt;专辑类别：&lt;/td&gt;\s*?&lt;td valign=&quot;top&quot;&gt;(.+?)&lt;/td&gt;</expression>
				</RegExp>
				<expression repeat="yes" fixchars="1">([^、]+)</expression>
			</RegExp>
			<RegExp input="$$1" output="&lt;tag&gt;\1&lt;/tag&gt;" dest="3+">
				<expression repeat="yes" fixchars="1">&lt;a href=&quot;/genre/detail/sid/[0-9]+&quot; &gt;(.+?)&lt;/a&gt;</expression>
			</RegExp>
			<RegExp input="$$1" output="&lt;director&gt;\1&lt;/director&gt;" dest="3+">
				<expression repeat="yes" fixchars="1">&lt;a href=&quot;/artist/[0-9a-zA-Z]+&quot; title=&quot;.*?&quot;&gt;(.+?)&lt;/a&gt;</expression>
			</RegExp>
			<RegExp input="$$1" output="&lt;year&gt;\1&lt;/year&gt;" dest="3+">
				<expression fixchars="1">&lt;td class=&quot;item&quot; valign=&quot;top&quot;&gt;发行时间：&lt;/td&gt;\s*?&lt;td valign=&quot;top&quot;&gt;([0-9]{4})年[0-9]{2}月[0-9]{2}日&lt;/td&gt;</expression>
			</RegExp>
			<RegExp input="$$1" output="&lt;studio&gt;\1&lt;/studio&gt;" dest="3+">
				<expression repeat="yes" fixchars="1">&lt;a href=&quot;/company/show/type/album/id/[0-9]+&quot; target=&quot;_blank&quot;&gt;(.+?)&lt;/a&gt;</expression>
			</RegExp>
			<expression noclean="1"/>
		</RegExp>
	</GetAlbumInfoByID>
</scraper>
