<?xml version="1.0" encoding="UTF-8"?>
<scraper framework="1.1" date="2019-06-15">
	<NfoUrl dest="3">
		<RegExp input="$$1" output="&lt;details&gt;&lt;url cache=&quot;\1-detail.html&quot;&gt;https://emumo.xiami.com/song/\1&lt;/url&gt;&lt;/details&gt;" dest="3">
			<expression trim="1">https://emumo.xiami.com/song/(.+?)$</expression>
		</RegExp>
	</NfoUrl>
	<CreateSearchUrl dest="3">
		<RegExp input="$$1" output="&lt;url cache=&quot;\1-result.json&quot;&gt;https://api.xiami.com/web?v=2.0&app_key=1&key=\1&page=1&limit=50&r=search%2Fsongs|Referer=https://m.xiami.com/&lt;/url&gt;" dest="3">
			<expression trim="1"/>
		</RegExp>
	</CreateSearchUrl>
	<GetSearchResults dest="5">
		<RegExp input="$$3" output="&lt;results sorted=&quot;yes&quot;&gt;\1&lt;/results&gt;" dest="5">
			<RegExp input="$$1" output="&lt;entity&gt;&lt;title&gt;\6 - \2 [\4]&lt;/title&gt;&lt;url cache=&quot;\1-detail.html&quot;&gt;https://emumo.xiami.com/song/\1&lt;/url&gt;&lt;id&gt;\3#\5&lt;/id&gt;&lt;/entity&gt;" dest="3">
				<expression repeat="yes" fixchars="2,4,6">{&quot;song_id&quot;:([0-9]+),&quot;song_name&quot;:&quot;([^&quot;]+)&quot;,&quot;album_id&quot;:([0-9]+),&quot;album_name&quot;:&quot;([^&quot;]+)&quot;.*?&quot;artist_id&quot;:([0-9]+),&quot;artist_name&quot;:&quot;([^&quot;]+)&quot;,</expression>
			</RegExp>
			<expression noclean="1"/>
		</RegExp>
	</GetSearchResults>
	<GetDetails dest="5">
		<RegExp input="$$3" output="&lt;details&gt;\1&lt;/details&gt;" dest="5">
			<RegExp input="$$1" output="&lt;title&gt;\1&lt;/title&gt;&lt;album&gt;\3&lt;/album&gt;" dest="3">
				<expression fixchars="1,2,3">property=&quot;og:title&quot; content=&quot;(.+?)&quot;.*?property=&quot;og:music:artist&quot; content=&quot;(.+?)&quot;.*?property=&quot;og:music:album&quot; content=&quot;(.+?)&quot;</expression>
			</RegExp>
			<RegExp input="$$1" output="&lt;plot&gt;\1&lt;/plot&gt;" dest="3+">
				<expression fixchars="1">&lt;div class=&quot;lrc_main&quot;&gt;\n\t{4}(.+?)\n\t{4}&lt;/div&gt;</expression>
			</RegExp>
			<RegExp conditional="albumFanart" input="$$1" output="&lt;fanart&gt;&lt;thumb preview=&quot;https:\1@\2|Referer=https://emumo.xiami.com/&quot;&gt;https:\1|Referer=https://emumo.xiami.com/&lt;/thumb&gt;&lt;/fanart&gt;" dest="3+">
				<expression>&lt;img class=&quot;cdCDcover185&quot;\s*?src=&quot;(.+?)@(.+?)&quot;\s*?/&gt;</expression>
			</RegExp>
			<RegExp input="$$1" output="&lt;artist&gt;\1&lt;/artist&gt;" dest="3+">
				<expression repeat="yes" fixchars="1">&lt;a href=&quot;/artist/[0-9a-zA-Z]+&quot; title=&quot;.*?&quot;&gt;(.+?)&lt;/a&gt;</expression>
			</RegExp>
			<RegExp input="$$2" output="&lt;url cache=&quot;\1-album.html&quot; function=&quot;GetAlbumInfoByID&quot;&gt;https://emumo.xiami.com/album/\1&lt;/url&gt;<!-- &lt;url cache=&quot;\2-artist.html&quot; function=&quot;GetArtistInfoByID&quot;&gt;https://emumo.xiami.com/artist/\2&lt;/url&gt; -->" dest="3+">
				<expression>^([0-9]+)#([0-9]+)$</expression>
			</RegExp>
			<expression noclean="1"/>
		</RegExp>
	</GetDetails>
	<GetAlbumInfoByID dest="5">
		<RegExp input="$$3" output="&lt;details&gt;\1&lt;/details&gt;" dest="5">
			<RegExp input="$$1" output="&lt;genre&gt;\1&lt;/genre&gt;" dest="3">
				<expression fixchars="1">&lt;td class=&quot;item&quot; valign=&quot;top&quot;&gt;语种：&lt;/td&gt;\s*?&lt;td valign=&quot;top&quot;&gt;(.+?)&lt;/td&gt;</expression>
			</RegExp>
			<RegExp input="$$1" output="&lt;genre&gt;\1&lt;/genre&gt;" dest="3+">
				<expression fixchars="1">&lt;td class=&quot;item&quot; valign=&quot;top&quot;&gt;专辑类别：&lt;/td&gt;\s*?&lt;td valign=&quot;top&quot;&gt;(.+?)&lt;/td&gt;</expression>
			</RegExp>
			<RegExp input="$$1" output="&lt;tag&gt;\1&lt;/tag&gt;" dest="3+">
				<expression repeat="yes" fixchars="1">&lt;a href=&quot;/genre/detail/sid/[0-9]+&quot; &gt;(.+?)&lt;/a&gt;</expression>
			</RegExp>
			<RegExp input="$$1" output="&lt;director&gt;\1&lt;/director&gt;" dest="3+">
				<expression repeat="yes" fixchars="1">&lt;a href=&quot;/artist/[0-9a-zA-Z]+&quot; title=&quot;.*?&quot;&gt;(.+?)&lt;/a&gt;</expression>
			</RegExp>
			<RegExp input="$$1" output="&lt;year&gt;\1&lt;/year&gt;" dest="3+">
				<expression fixchars="1">&lt;td class=&quot;item&quot; valign=&quot;top&quot;&gt;发行时间：&lt;/td&gt;\s*?&lt;td valign=&quot;top&quot;&gt;([0-9]{4})年[0-9]{2}月[0-9]{2}日&lt;/td&gt;</expression>
			</RegExp>
			<RegExp input="$$1" output="&lt;studio&gt;\1&lt;/studio&gt;" dest="3+">
				<expression repeat="yes" fixchars="1">&lt;a href=&quot;/company/show/type/album/id/[0-9]+&quot; target=&quot;_blank&quot;&gt;(.+?)&lt;/a&gt;</expression>
			</RegExp>
			<expression noclean="1"/>
		</RegExp>
	</GetAlbumInfoByID>
	<!-- <GetArtistInfoByID dest="5">
		<RegExp input="$$3" output="&lt;details&gt;\1&lt;/details&gt;" dest="5">
			<RegExp conditional="artistFanart" input="$$1" output="&lt;fanart&gt;&lt;thumb preview=&quot;https:\1@\2|Referer=https://emumo.xiami.com/&quot;&gt;https:\1|Referer=https://emumo.xiami.com/&lt;/thumb&gt;&lt;/fanart&gt;" dest="3">
				<expression>data-lightbox=&quot;lightbox&quot;&gt;\s*?&lt;img src=&quot;(.+?)@(.+?)&quot; alt=&quot;.*?&quot;/&gt;</expression>
			</RegExp>
			<expression noclean="1"/>
		</RegExp>
	</GetArtistInfoByID> -->
</scraper>
