﻿<?xml version="1.0" encoding="UTF-8" standalone="yes"?>
<addon id="script.cachecleaner" name="缓存清理工具" version="1.0.2" provider-name="Tim">
	<requires>
		<import addon="xbmc.python" version="2.1.0" />
	</requires>
	<extension point="xbmc.python.script" library="default.py">
		<provides>executable</provides>
	</extension>
	<extension point="xbmc.addon.metadata">
		<summary lang="en">Cache Cleaner</summary>
		<summary lang="zh">缓存清理工具</summary>
		<description lang="en">Clean the image cache of userdata under the Thumbnails path.</description>
		<description lang="zh">清理用户数据的Thumbnails文件夹的缩略图缓存。</description>
		<platform>all</platform>
	</extension>
</addon>