﻿<?xml version="1.0" encoding="UTF-8"?>
<scraper framework="1.1" date="2019-05-06">
	<NfoUrl dest="3">
		<RegExp input="$$1" output="&lt;details&gt;&lt;url cache=&quot;\1-detail.html&quot;&gt;https://movie.douban.com/subject/\1/&lt;/url&gt;&lt;/details&gt;" dest="3">
			<expression trim="1">https://movie.douban.com/subject/([0-9]+)/</expression>
		</RegExp>
	</NfoUrl>
	<CreateSearchUrl dest="3">
		<RegExp input="$$1" output="&lt;url cache=&quot;\1-result.html&quot;&gt;https://www.douban.com/search?cat=1002&q=\1&lt;/url&gt;" dest="3">
			<expression trim="1"/>
		</RegExp>
	</CreateSearchUrl>
	<GetSearchResults dest="5">
		<RegExp input="$$3" output="&lt;results sorted=&quot;yes&quot;&gt;\1&lt;/results&gt;" dest="5">
			<RegExp input="$$1" output="&lt;entity&gt;&lt;title&gt;\2 (\3)&lt;/title&gt;&lt;url cache=&quot;\1-detail.html&quot;&gt;https://movie.douban.com/subject/\1/&lt;/url&gt;&lt;id&gt;\1&lt;/id&gt;&lt;/entity&gt;" dest="3">
				<expression repeat="yes" trim="2" fixchars="2">&lt;div class=&quot;title&quot;&gt;\s*?&lt;h3&gt;\s*?&lt;span&gt;\[电影\]&lt;/span&gt;.*?onclick=&quot;moreurl\(.*?sid: (\d+),.*?\)&quot; &gt;(.+?)&lt;/a&gt;.*?class=&quot;subject-cast&quot;&gt;.*?/ (\d{4})&lt;/span&gt;</expression>
			</RegExp>
			<expression noclean="1"/>
		</RegExp>
	</GetSearchResults>
	<GetDetails dest="5">
		<RegExp input="$$3" output="&lt;details&gt;\1&lt;/details&gt;" dest="5">
			<RegExp input="$$1" output="&lt;title&gt;\1&lt;/title&gt;" dest="3">
				<expression fixchars="1">&lt;title&gt;(.+?)\(豆瓣\)</expression>
			</RegExp>
			<RegExp input="$$1" output="&lt;originaltitle&gt;\1&lt;/originaltitle&gt;" dest="3+">
				<expression fixchars="1">title=&quot;点击看更多海报&quot; alt=&quot;(.+?)&quot;</expression>
			</RegExp>
			<RegExp input="$$1" output="&lt;ratings&gt;&lt;rating name=&quot;douban&quot; max=&quot;10&quot; default=&quot;true&quot;&gt;&lt;value&gt;\1&lt;/value&gt;&lt;votes&gt;\2&lt;/votes&gt;&lt;/rating&gt;&lt;/ratings&gt;" dest="3+">
				<expression>property=&quot;v:average&quot;&gt;(.+?)&lt;/strong&gt;.*?property=&quot;v:votes&quot;&gt;([0-9]+)&lt;/span&gt;</expression>
			</RegExp>
			<RegExp input="$$1" output="&lt;top250&gt;\1&lt;/top250&gt;" dest="3+">
				<expression>class=&quot;top250-no&quot;&gt;No.([0-9]+)&lt;/span&gt;</expression>
			</RegExp>
			<RegExp input="$$6" output="&lt;plot&gt;\1©豆瓣&lt;/plot&gt;" dest="3+">
				<RegExp input="$$1" output="\1&lt;br /&gt;" dest="4">
					<expression noclean="1" clear="yes">property=&quot;v:summary&quot; class=&quot;&quot;&gt;(.+?)&lt;/span&gt;</expression>
				</RegExp>
				<RegExp input="$$1" output="\1&lt;br /&gt;" dest="4">
					<expression noclean="1">class=&quot;all hidden&quot;&gt;(.+?)&lt;/span&gt;</expression>
				</RegExp>
				<RegExp input="$$4" output="\1\n" dest="6">
					<expression repeat="yes" trim="1" fixchars="1">(.+?)&lt;br /&gt;</expression>
				</RegExp>
				<expression/>
			</RegExp>
			<RegExp input="$$1" output="&lt;runtime&gt;\1&lt;/runtime&gt;" dest="3+">
				<expression>property=&quot;v:runtime&quot; content=&quot;([0-9]+)&quot;</expression>
			</RegExp>
			<RegExp conditional="poster" input="$$2" output="&lt;url cache=&quot;\1-poster.html&quot; function=&quot;GetPoster&quot;&gt;https://movie.douban.com/subject/\1/photos?type=R&lt;/url&gt;" dest="3+">
				<expression/>
			</RegExp>
			<RegExp conditional="fanart" input="$$2" output="&lt;url cache=&quot;\1-fanart.html&quot; function=&quot;GetFanart&quot;&gt;https://movie.douban.com/subject/\1/photos?type=S&lt;/url&gt;" dest="3+">
				<expression/>
			</RegExp>
			<RegExp conditional="!poster" input="$$1" output="&lt;thumb aspect=&quot;poster&quot; preview=&quot;\1thumb\2&quot;&gt;\1raw\2|Referer=http://movie.douban.com/&lt;/thumb&gt;" dest="3+">
				<expression>title=&quot;点击看更多海报&quot;&gt;\s*?&lt;img src=&quot;(.+?)s_ratio_poster(.+?)&quot;</expression>
			</RegExp>
			<RegExp conditional="!fanart" input="$$8" output="&lt;fanart&gt;\1&lt;/fanart&gt;" dest="3+">
				<RegExp input="$$1" output="\1" dest="4">
					<expression noclean="1" clear="yes">(&lt;ul class=&quot;related-pic-bd.*?&lt;/ul&gt;)</expression>
				</RegExp>
				<RegExp input="$$4" output="&lt;thumb preview=&quot;\1thumb\2&quot;&gt;\1raw\2|Referer=http://movie.douban.com/&lt;/thumb&gt;" dest="8">
					<expression repeat="yes">src=&quot;(.+?)sqxs(.+?)&quot; alt=&quot;图片&quot;</expression>
				</RegExp>
				<expression noclean="1"/>
			</RegExp>
			<RegExp input="$$2" output="&lt;id&gt;\1&lt;/id&gt;" dest="3+">
				<expression/>
			</RegExp>
			<RegExp input="$$2" output="&lt;uniqueid type=&quot;douban&quot; default=&quot;true&quot;&gt;\1&lt;/uniqueid&gt;" dest="3+">
				<expression/>
			</RegExp>
			<RegExp input="$$1" output="&lt;uniqueid type=&quot;IMDb&quot;&gt;\1&lt;/uniqueid&gt;" dest="3+">
				<expression>IMDb链接:.*?rel=&quot;nofollow&quot;&gt;(.+?)&lt;/a&gt;</expression>
			</RegExp>
			<RegExp input="$$1" output="&lt;genre&gt;\1&lt;/genre&gt;" dest="3+">
				<expression repeat="yes" fixchars="1">property=&quot;v:genre&quot;&gt;(.+?)&lt;/span&gt;</expression>
			</RegExp>
			<RegExp input="$$4" output="&lt;country&gt;\1&lt;/country&gt;" dest="3+">
				<RegExp input="$$1" output="\1" dest="4">
					<expression noclean="1" clear="yes">制片国家/地区:&lt;/span&gt;(.+?)&lt;br/&gt;</expression>
				</RegExp>
				<expression repeat="yes" trim="1" fixchars="1">([^/]+)</expression>
			</RegExp>
			<RegExp conditional="tag" input="$$1" output="&lt;tag&gt;\1&lt;/tag&gt;" dest="3+">
				<expression repeat="yes" fixchars="1">href=&quot;/tag/(.+?)&quot;</expression>
			</RegExp>
			<RegExp input="$$4" output="&lt;credits&gt;\1&lt;/credits&gt;" dest="3+">
				<RegExp input="$$1" output="\1" dest="4">
					<expression noclean="1" clear="yes">编剧.*?class='attrs'&gt;(.+?)&lt;/span&gt;</expression>
				</RegExp>
				<expression repeat="yes" fixchars="1">&lt;a.*?&gt;(.+?)&lt;/a&gt;</expression>
			</RegExp>
			<RegExp input="$$4" output="&lt;director&gt;\1&lt;/director&gt;" dest="3+">
				<RegExp input="$$1" output="\1" dest="4">
					<expression noclean="1" clear="yes">导演.*?class='attrs'&gt;(.+?)&lt;/span&gt;</expression>
				</RegExp>
				<expression repeat="yes" fixchars="1">&lt;a.*?&gt;(.+?)&lt;/a&gt;</expression>
			</RegExp>
			<RegExp input="$$4" output="&lt;premiered&gt;\1&lt;/premiered&gt;" dest="3+">
				<RegExp input="$$1" output="\1-01-01" dest="4">
					<expression clear="yes">class=&quot;year&quot;&gt;\(([0-9]{4})\)&lt;/span&gt;</expression>
				</RegExp>
				<RegExp input="$$1" output="\1" dest="4">
					<expression>&quot;datePublished&quot;: &quot;([^&quot;]+)&quot;</expression>
				</RegExp>
				<expression/>
			</RegExp>
			<RegExp input="$$1" output="&lt;year&gt;\1&lt;/year&gt;" dest="3+">
				<expression>class=&quot;year&quot;&gt;\(([0-9]{4})\)&lt;/span&gt;</expression>
			</RegExp>
			<RegExp conditional="trailer" input="$$1" output="&lt;url cache=&quot;$$2-trailer.html&quot; function=&quot;GetTrailer&quot;&gt;\1&lt;/url&gt;" dest="3+">
				<expression>class=&quot;related-pic-video&quot; href=&quot;(.+?)&quot; title=&quot;预告片&quot;</expression>
			</RegExp>
			<RegExp conditional="actor" input="$$2" output="&lt;url cache=&quot;$$2-actor.json&quot; function=&quot;GetActor&quot;&gt;https://m.douban.com/rexxar/api/v2/movie/\1/credits|Referer=https://m.douban.com/&lt;/url&gt;" dest="3+">
				<expression/>
			</RegExp>
			<RegExp conditional="!actor" input="$$1" output="&lt;actor&gt;&lt;name&gt;\2&lt;/name&gt;&lt;role&gt;\3&lt;/role&gt;&lt;thumb&gt;\1&lt;/thumb&gt;&lt;/actor&gt;" dest="3+">
				<expression repeat="yes" fixchars="2,3">class=&quot;avatar&quot; style=&quot;background-image: url\(([^&quot;]+)\)&quot;&gt;\s*?&lt;/div&gt;\s*?&lt;/a&gt;\s*&lt;div class=&quot;info&quot;&gt;\s*&lt;span class=&quot;name&quot;&gt;&lt;a href=&quot;[^&quot;]*&quot; title=&quot;[^&quot;]*&quot; class=&quot;name&quot;&gt;([^&quot;]+)&lt;/a&gt;&lt;/span&gt;\s*?&lt;span class=&quot;role&quot; title=&quot;(?:配 |配音|饰 |演员)([^&quot;]*)&quot;</expression>
			</RegExp>
			<expression noclean="1"/>
		</RegExp>
	</GetDetails>
	<GetPoster dest="5">
		<RegExp input="$$3" output="&lt;details&gt;\1&lt;/details&gt;" dest="5">
			<RegExp input="$$1" output="&lt;thumb aspect=&quot;poster&quot; preview=&quot;\1thumb\2&quot;&gt;\1raw\2|Referer=http://movie.douban.com/&lt;/thumb&gt;" dest="3">
				<expression repeat="yes">&lt;div class=&quot;cover&quot;&gt;\s*&lt;a href=&quot;https://movie.douban.com/photos/photo/[0-9]+/&quot;&gt;\s*&lt;img src=&quot;(https://[^/]+/view/photo/)m(/public/[^\.]+\.jpg)&quot; /&gt;</expression>
			</RegExp>
			<expression noclean="1"/>
		</RegExp>
	</GetPoster>
	<GetFanart dest="5">
		<RegExp input="$$3" output="&lt;details&gt;&lt;fanart&gt;\1&lt;/fanart&gt;&lt;/details&gt;" dest="5">
			<RegExp input="$$1" output="&lt;thumb preview=&quot;\1thumb\2&quot;&gt;\1raw\2|Referer=http://movie.douban.com/&lt;/thumb&gt;" dest="3">
				<expression repeat="yes">&lt;div class=&quot;cover&quot;&gt;\s*&lt;a href=&quot;https://movie.douban.com/photos/photo/[0-9]+/&quot;&gt;\s*&lt;img src=&quot;(https://[^/]+/view/photo/)m(/public/[^\.]+\.jpg)&quot; /&gt;</expression>
			</RegExp>
			<expression noclean="1"/>
		</RegExp>
	</GetFanart>
	<GetTrailer dest="3">
		<RegExp input="$$1" output="&lt;details&gt;&lt;trailer&gt;\1&lt;/trailer&gt;&lt;/details&gt;" dest="3">
			<expression>source src=&quot;(.+?)&quot;</expression>
		</RegExp>
	</GetTrailer>
	<GetActor dest="5">
		<RegExp input="$$3" output="&lt;details&gt;\1&lt;/details&gt;" dest="5">
			<RegExp input="$$4" output="&lt;actor&gt;&lt;name&gt;\3&lt;/name&gt;&lt;role&gt;\1&lt;/role&gt;&lt;thumb&gt;\2&lt;/thumb&gt;&lt;/actor&gt;" dest="6">
				<RegExp input="$$1" output="\1" dest="4">
					<expression noclean="1" clear="yes">&quot;title&quot;: &quot;\\u5bfc\\u6f14&quot;}, {&quot;celebrities&quot;: \[(.+?)\], &quot;title&quot;: &quot;\\u6f14\\u5458&quot;</expression>
				</RegExp>
				<expression repeat="yes" fixchars="1,3">&quot;character&quot;: &quot;(.*?)&quot;.*?&quot;cover_url&quot;: &quot;(.+?)&quot;.*?&quot;name&quot;: &quot;(.+?)&quot;</expression>
			</RegExp>
			<RegExp input="$$6" output="\1" dest="3">
				<expression repeat="yes" noclean="1">([^\\]+)</expression>
			</RegExp>
			<expression noclean="1"/>
		</RegExp>
	</GetActor>
</scraper>
