<?xml version="1.0" encoding="UTF-8"?>
<includes>
	<include name="HomeMoviesPlus">
		<include content="WidgetListCategories" condition="Library.HasContent(movies) + !Skin.HasSetting(home_no_categories_widget)">
			<param name="content_path" value="library://video/movies/"/>
			<param name="widget_header" value="$LOCALIZE[31148]"/>
			<param name="widget_target" value="videos"/>
			<param name="list_id" value="5900"/>
		</include>
		<include content="WidgetListPosterPlus" condition="Library.HasContent(movies)">
			<param name="content_path" value="special://skin/playlists/inprogress_movies.xsp"/>
			<param name="widget_header" value="$LOCALIZE[31010]"/>
			<param name="widget_target" value="videos"/>
			<param name="list_id" value="5100"/>
		</include>
		<include content="WidgetListPosterPlus" condition="Library.HasContent(movies)">
			<param name="content_path" value="special://skin/playlists/recent_unwatched_movies.xsp"/>
			<param name="widget_header" value="$LOCALIZE[20386]"/>
			<param name="widget_target" value="videos"/>
			<param name="list_id" value="5200"/>
		</include>
		<include content="WidgetListPosterPlus" condition="Library.HasContent(movies)">
			<param name="content_path" value="special://skin/playlists/unwatched_movies.xsp"/>
			<param name="widget_header" value="$LOCALIZE[31007]"/>
			<param name="widget_target" value="videos"/>
			<param name="list_id" value="5300"/>
		</include>
		<include content="WidgetListPosterPlus" condition="Library.HasContent(movies)">
			<param name="content_path" value="special://skin/playlists/random_movies.xsp"/>
			<param name="widget_header" value="$LOCALIZE[31006]"/>
			<param name="widget_target" value="videos"/>
			<param name="list_id" value="5400"/>
		</include>
		<include content="WidgetListCategories" condition="Library.HasContent(movies)">
			<param name="content_path" value="videodb://movies/genres/"/>
			<param name="widget_header" value="$LOCALIZE[135]"/>
			<param name="widget_target" value="videos"/>
			<param name="list_id" value="5500"/>
			<param name="icon" value="$VAR[WidgetGenreIconVar]"/>
			<param name="icon_height" value="70"/>
		</include>
		<include content="WidgetListPosterPlus" condition="Library.HasContent(movies)">
			<param name="content_path" value="videodb://movies/sets/"/>
			<param name="widget_header" value="$LOCALIZE[31075]"/>
			<param name="widget_target" value="videos"/>
			<param name="sortby" value="random"/>
			<param name="list_id" value="5600"/>
		</include>
	</include>
	<include name="HomeTVShowsPlus">
		<include content="WidgetListCategories" condition="Library.HasContent(tvshows) + !Skin.HasSetting(home_no_categories_widget)">
			<param name="content_path" value="library://video/tvshows/"/>
			<param name="widget_header" value="$LOCALIZE[31148]"/>
			<param name="widget_target" value="videos"/>
			<param name="list_id" value="6900"/>
		</include>
		<include content="WidgetListPosterPlus" condition="Library.HasContent(tvshows)">
			<param name="content_path" value="videodb://inprogresstvshows"/>
			<param name="sortby" value="lastplayed"/>
			<param name="sortorder" value="descending"/>
			<param name="widget_header" value="$LOCALIZE[626]"/>
			<param name="widget_target" value="videos"/>
			<param name="list_id" value="6100"/>
		</include>
		<include content="WidgetListEpisodes" condition="Library.HasContent(tvshows)">
			<param name="content_path" value="special://skin/playlists/recent_unwatched_episodes.xsp"/>
			<param name="widget_header" value="$LOCALIZE[20387]"/>
			<param name="widget_target" value="videos"/>
			<param name="list_id" value="6200"/>
		</include>
		<include content="WidgetListPosterPlus" condition="Library.HasContent(tvshows)">
			<param name="content_path" value="special://skin/playlists/unwatched_tvshows.xsp"/>
			<param name="widget_header" value="$LOCALIZE[31122]"/>
			<param name="widget_target" value="videos"/>
			<param name="list_id" value="6300"/>
		</include>
		<include content="WidgetListCategories" condition="Library.HasContent(tvshows)">
			<param name="content_path" value="videodb://tvshows/genres/"/>
			<param name="widget_header" value="$LOCALIZE[135]"/>
			<param name="widget_target" value="videos"/>
			<param name="list_id" value="6400"/>
			<param name="icon" value="$VAR[WidgetGenreIconVar]"/>
			<param name="icon_height" value="70"/>
		</include>
		<include content="WidgetListCategories" condition="Library.HasContent(tvshows)">
			<param name="content_path" value="videodb://tvshows/studios/"/>
			<param name="widget_header" value="$LOCALIZE[20388]"/>
			<param name="widget_target" value="videos"/>
			<param name="list_id" value="6500"/>
			<param name="icon" value="$VAR[WidgetStudioIconVar]"/>
			<param name="icon_height" value="70"/>
		</include>
	</include>
	<include name="InfoPanelPlus">
		<controls>
			<control type="group">
				<centertop>50%</centertop>
				<height>1080</height>
				<centerleft>50%</centerleft>
				<width>1920</width>
				<animation effect="fade" start="100" end="0" time="200" tween="sine" condition="Window.IsVisible(script-script.extendedinfo-DialogVideoInfo.xml) | Window.IsVisible(script-script.extendedinfo-DialogInfo.xml) | Window.IsVisible(script-script.extendedinfo-VideoList.xml)">Conditional</animation>
				<control type="group">
					<top>150</top>
					<left>66</left>
					<include>OpenClose_Left</include>
					<control type="button" id="138">
						<left>6</left>
						<top>4</top>
						<width>1252</width>
						<height>802</height>
						<onclick condition="!Control.IsVisible(139)">RunScript(special://home/addons/skin.estuaryplus/resources/lib/show_art.py, $VAR[InfoDialogPosterVar])</onclick>
						<onclick condition="Control.IsVisible(139)">RunScript(special://home/addons/skin.estuaryplus/resources/lib/show_art.py, $INFO[ListItem.Thumb])</onclick>
						<onup>138</onup>
						<onleft>4000</onleft>
						<onright>4000</onright>
						<ondown>138</ondown>
						<visible>!String.IsEmpty(ListItem.Art(poster)) | !String.IsEmpty(ListItem.Art(season.poster)) | !String.IsEmpty(ListItem.Art(tvshow.poster)) | !String.IsEmpty(ListItem.Thumb)</visible>
					</control>
					<control type="image">
						<left>2</left>
						<top>0</top>
						<width>1260</width>
						<height>810</height>
						<texture border="8" colordiffuse="button_focus">buttons/thumbnail_focused.png</texture>
						<visible>Control.HasFocus(138)</visible>
					</control>
					<control type="image">
						<depth>DepthContentPopout</depth>
						<left>6</left>
						<top>4</top>
						<width>1252</width>
						<height>802</height>
						<aspectratio>scale</aspectratio>
						<texture fallback="DefaultVideo.png">$VAR[InfoDialogPosterVar]</texture>
					</control>
					<control type="group" id="139">
						<visible>String.IsEqual(ListItem.DBType,episode) | String.IsEqual(ListItem.DBType,video) | [String.IsEmpty(ListItem.Art(poster)) + String.IsEmpty(ListItem.Art(season.poster)) + String.IsEmpty(ListItem.Art(tvshow.poster))]</visible>
						<visible>!String.IsEmpty(ListItem.Thumb) + !String.IsEqual(ListItem.Thumb,ListItem.Art(poster))</visible>
						<control type="image">
							<left>6</left>
							<top>4</top>
							<width>1252</width>
							<height>802</height>
							<aspectratio>scale</aspectratio>
							<texture>$INFO[ListItem.Thumb]</texture>
						</control>
					</control>
				</control>
				<control type="group">
					<top>154</top>
					<left>70</left>
					<visible>String.IsEqual(ListItem.DBType,musicvideo)</visible>
					<include>OpenClose_Left</include>
					<control type="image">
						<width>526</width>
						<height>801</height>
						<aspectratio>stretch</aspectratio>
						<texture colordiffuse="FF555555">DefaultVideo.png</texture>
					</control>
					<control type="image">
						<left>10</left>
						<width>506</width>
						<height>801</height>
						<aspectratio>keep</aspectratio>
						<texture>$INFO[ListItem.Thumb]</texture>
						<bordertexture border="21">overlays/shadow.png</bordertexture>
						<bordersize>20</bordersize>
					</control>
				</control>
				<control type="group">
					<include>OpenClose_Right</include>
					<left>620</left>
					<top>-30</top>
					<control type="group" id="140">
						<top>468</top>
						<control type="image">
							<left>735</left>
							<width>512</width>
							<height>418</height>
							<aligny>bottom</aligny>
							<texture border="21">dialogs/dialog-bg.png</texture>
						</control>
					</control>
					<control type="grouplist" id="4000">
						<orientation>vertical</orientation>
						<left>755</left>
						<top>488</top>
						<height>377</height>
						<itemgap>-8</itemgap>
						<ondown>5000</ondown>
						<onup>50</onup>
						<onright>138</onright>
						<onleft>138</onleft>
						<include content="InfoDialogMetadata">
							<param name="control_id" value="147" />
							<param name="label" value="$INFO[ListItem.Director,[COLOR button_focus]$LOCALIZE[20339]: [/COLOR]]" />
							<param name="altlabel" value="$INFO[ListItem.Director,$LOCALIZE[20339]: ]" />
							<param name="visible" value="!String.IsEmpty(ListItem.Director)" />
						</include>
						<include content="InfoDialogMetadata">
							<param name="control_id" value="148" />
							<param name="label" value="$INFO[ListItem.Writer,[COLOR button_focus]$LOCALIZE[20417]: [/COLOR]]" />
							<param name="altlabel" value="$INFO[ListItem.Writer,$LOCALIZE[20417]: ]" />
							<param name="visible" value="!String.IsEmpty(ListItem.Writer)" />
						</include>
						<include content="InfoDialogMetadata">
							<param name="control_id" value="149" />
							<param name="label" value="[COLOR button_focus]$LOCALIZE[563]: [/COLOR]$INFO[ListItem.RatingAndVotes]" />
							<param name="altlabel" value="$LOCALIZE[563]: $INFO[ListItem.RatingAndVotes]" />
							<param name="visible" value="!String.IsEmpty(ListItem.RatingAndVotes)" />
						</include>
						<include content="InfoDialogMetadata">
							<param name="control_id" value="150" />
							<param name="label" value="[COLOR button_focus]$LOCALIZE[515]: [/COLOR]$INFO[ListItem.Genre]" />
							<param name="altlabel" value="$LOCALIZE[515]: $INFO[ListItem.Genre]" />
							<param name="visible" value="!String.IsEmpty(ListItem.Genre) + String.IsEqual(ListItem.DBType,movie)" />
						</include>
						<include content="InfoDialogMetadata">
							<param name="control_id" value="152" />
							<param name="label" value="[COLOR button_focus]$LOCALIZE[21875]: [/COLOR]$INFO[ListItem.Country]" />
							<param name="altlabel" value="$LOCALIZE[21875]: $INFO[ListItem.Country]" />
							<param name="visible" value="!String.IsEmpty(ListItem.Country)" />
						</include>
						<include content="InfoDialogMetadata">
							<param name="control_id" value="153" />
							<param name="label" value="[COLOR button_focus]$LOCALIZE[29909]: [/COLOR]$INFO[ListItem.Studio]" />
							<param name="altlabel" value="$LOCALIZE[29909]: $INFO[ListItem.Studio]" />
							<param name="visible" value="!String.IsEmpty(ListItem.Studio)" />
						</include>
						<include content="InfoDialogMetadata">
							<param name="control_id" value="154" />
							<param name="label" value="[COLOR button_focus]$LOCALIZE[20416]: [/COLOR]$INFO[ListItem.Premiered]" />
							<param name="altlabel" value="$LOCALIZE[20416]: $INFO[ListItem.Premiered]" />
							<param name="visible" value="!String.IsEmpty(ListItem.Premiered)" />
						</include>
						<include content="InfoDialogMetadata">
							<param name="control_id" value="155" />
							<param name="label" value="[COLOR button_focus]$LOCALIZE[31048]: [/COLOR]$INFO[ListItem.Season,, $LOCALIZE[36905]]$INFO[ListItem.Episode, (, $LOCALIZE[20453])]" />
							<param name="altlabel" value="$LOCALIZE[31048]: $INFO[ListItem.Season,, $LOCALIZE[36905]]$INFO[ListItem.Episode, (, $LOCALIZE[20453])]" />
							<param name="visible" value="!String.IsEmpty(ListItem.Season) + !String.IsEqual(ListItem.DBType,episode)" />
						</include>
						<include content="InfoDialogMetadata">
							<param name="control_id" value="156" />
							<param name="label" value="[COLOR button_focus]$LOCALIZE[31017]: [/COLOR]$INFO[ListItem.Mpaa]" />
							<param name="altlabel" value="$LOCALIZE[31017]: $INFO[ListItem.Mpaa]" />
							<param name="visible" value="!String.IsEmpty(ListItem.Mpaa)" />
						</include>
						<include content="InfoDialogMetadata">
							<param name="control_id" value="157" />
							<param name="label" value="[COLOR button_focus]$LOCALIZE[20457]: [/COLOR]$INFO[ListItem.Set]" />
							<param name="altlabel" value="$LOCALIZE[20457]: $INFO[ListItem.Set]" />
							<param name="visible" value="!String.IsEmpty(ListItem.Set)" />
						</include>
						<include content="InfoDialogMetadata">
							<param name="control_id" value="158" />
							<param name="label" value="[COLOR button_focus]$LOCALIZE[20459]: [/COLOR]$INFO[ListItem.Tag]" />
							<param name="altlabel" value="$LOCALIZE[20459]: $INFO[ListItem.Tag]" />
							<param name="visible" value="!String.IsEmpty(ListItem.Tag)" />
						</include>
						<include content="InfoDialogMetadata">
							<param name="control_id" value="159" />
							<param name="label" value="[COLOR button_focus]$LOCALIZE[126]: [/COLOR]$INFO[ListItem.Status]" />
							<param name="altlabel" value="$LOCALIZE[126]: $INFO[ListItem.Status]" />
							<param name="visible" value="!String.IsEmpty(ListItem.Status)" />
						</include>
						<include content="InfoDialogMetadata">
							<param name="control_id" value="160" />
							<param name="label" value="[COLOR button_focus]$LOCALIZE[19676]: [/COLOR]$LOCALIZE[131126]" />
							<param name="onclick_1" value="SetProperty(TextViewer_Header,$LOCALIZE[207],home)" />
							<param name="onclick_2" value="SetProperty(TextViewer_Text,$ESCINFO[ListItem.Plot],home)" />
							<param name="onclick_3" value="ActivateWindow(1102)" />
							<param name="visible" value="!String.IsEmpty(ListItem.Plot)" />
						</include>
					</control>
					<control type="group">
						<visible>Integer.IsEqual(Container(50).NumItems,0) + String.IsEmpty(ListItem.Art(tvshow.banner)) + String.IsEmpty(ListItem.Art(banner))</visible>
						<control type="image">
							<left>736</left>
							<top>164</top>
							<width>512</width>
							<height>328</height>
							<texture border="21">dialogs/dialog-bg.png</texture>
						</control>
						<control type="textbox">
							<left>753</left>
							<top>185</top>
							<width>477</width>
							<height>283</height>
							<align>center</align>
							<aligny>center</aligny>
							<font>font36_title</font>
							<label>$LOCALIZE[31079]</label>
						</control>
					</control>
					<control type="image">
						<left>77</left>
						<top>185</top>
						<width>1090</width>
						<height>283</height>
						<fadetime>150</fadetime>
						<aspectratio>keep</aspectratio>
						<texture>$VAR[BannerVar]</texture>
						<visible>Integer.IsEqual(Container(50).NumItems,0)</visible>
					</control>
					<control type="panel" id="50">
						<left>736</left>
						<top>158</top>
						<width>508</width>
						<height>370</height>
						<onleft>138</onleft>
						<onright>138</onright>
						<onup condition="System.hasAddon(script.extendedinfo) + Control.HasFocus(50)">RunScript(script.extendedinfo,info=extendedactorinfo,name=$INFO[Container(50).ListItem.Label])</onup>
						<onup condition="!System.hasAddon(script.extendedinfo)">InstallAddon(script.extendedinfo)</onup>
						<ondown>4000</ondown>
						<scrolltime>200</scrolltime>
						<orientation>horizontal</orientation>
						<itemlayout height="317" width="245">
							<control type="group">
								<top>10</top>
								<control type="image">
									<top>20</top>
									<left>20</left>
									<width>224</width>
									<height>277</height>
									<texture>DefaultActorSolid.png</texture>
									<aspectratio aligny="center">scale</aspectratio>
								</control>
								<control type="image">
									<top>20</top>
									<left>20</left>
									<width>224</width>
									<height>277</height>
									<texture background="true">$INFO[ListItem.Thumb]</texture>
									<aspectratio aligny="center">scale</aspectratio>
								</control>
								<control type="image">
									<left>20</left>
									<width>224</width>
									<height>80</height>
									<bottom>10</bottom>
									<texture>overlays/overlayfade.png</texture>
									<animation effect="fade" start="100" end="80" time="0" condition="true">Conditional</animation>
								</control>
								<control type="label">
									<left>25</left>
									<width>214</width>
									<height>67</height>
									<top>218</top>
									<align>center</align>
									<aligny>center</aligny>
									<font>font12</font>
									<label>$INFO[ListItem.Label]</label>
								</control>
								<control type="label">
									<left>25</left>
									<width>214</width>
									<height>67</height>
									<top>245</top>
									<align>center</align>
									<aligny>center</aligny>
									<font>font12</font>
									<textcolor>grey</textcolor>
									<label>$INFO[ListItem.Label2]</label>
								</control>
							</control>
						</itemlayout>
						<focusedlayout height="317" width="245">
							<control type="group">
								<left>0</left>
								<top>10</top>
								<control type="image">
									<top>20</top>
									<left>20</left>
									<width>224</width>
									<height>277</height>
									<texture>DefaultActorSolid.png</texture>
									<aspectratio aligny="center">scale</aspectratio>
									<bordertexture border="21">overlays/shadow.png</bordertexture>
									<bordersize>0</bordersize>
								</control>
								<control type="image">
									<top>20</top>
									<left>20</left>
									<width>224</width>
									<height>277</height>
									<texture background="true">$INFO[ListItem.Thumb]</texture>
									<aspectratio aligny="center">scale</aspectratio>
								</control>
								<control type="image">
									<left>20</left>
									<width>224</width>
									<height>80</height>
									<bottom>10</bottom>
									<texture>overlays/overlayfade.png</texture>
									<animation effect="fade" start="100" end="80" time="0" condition="true">Conditional</animation>
								</control>
								<control type="label">
									<left>25</left>
									<width>214</width>
									<height>67</height>
									<top>218</top>
									<align>center</align>
									<aligny>center</aligny>
									<font>font12</font>
									<scroll>true</scroll>
									<label>$INFO[ListItem.Label]</label>
								</control>
								<control type="label">
									<left>25</left>
									<width>214</width>
									<height>67</height>
									<top>245</top>
									<align>center</align>
									<aligny>center</aligny>
									<font>font12</font>
									<textcolor>grey</textcolor>
									<scroll>true</scroll>
									<label>$INFO[ListItem.Label2]</label>
								</control>
								<control type="image">
									<left>16</left>
									<top>16</top>
									<width>232</width>
									<height>285</height>
									<texture border="8" colordiffuse="button_focus">buttons/thumbnail_focused.png</texture>
									<visible>Control.HasFocus(50)</visible>
								</control>
							</control>
						</focusedlayout>
					</control>
					<control type="grouplist" id="5000">
						<left>736</left>
						<top>864</top>
						<width>508</width>
						<height>400</height>
						<onleft>138</onleft>
						<onright>138</onright>
						<onup>4000</onup>
						<ondown condition="!Integer.IsGreater(Container(5000).Position,2)">SetFocus(50,$INFO[Container(5000).Position])</ondown>
						<ondown condition="Integer.IsGreater(Container(5000).Position,2)">SetFocus(50,2)</ondown>
						<itemgap>-16</itemgap>
						<orientation>horizontal</orientation>
						<scrolltime tween="quadratic">200</scrolltime>
						<include content="InfoDialogToggleButton">
							<param name="id" value="8" />
							<param name="icon_on" value="icons/filemanager.png" />
							<param name="icon_off" value="icons/infodialogs/play.png" />
							<param name="selected" value="String.IsEqual(ListItem.DBType,tvshow) | String.IsEqual(ListItem.DBType,season)" />
							<param name="label" value="$VAR[VideoInfoPlayButtonLabelVar]" />
						</include>
						<include content="InfoDialogButton">
							<param name="id" value="11" />
							<param name="icon" value="icons/infodialogs/trailer.png" />
							<param name="label" value="$LOCALIZE[20410]" />
							<param name="visible" value="!String.IsEmpty(ListItem.Trailer) + ![String.StartsWith(Container.FolderPath,plugin://) + String.Contains(Container.FolderPath,trailer)]" />
						</include>
						<include content="InfoDialogButton">
							<param name="id" value="440" />
							<param name="icon" value="icons/infodialogs/trailer_search.png" />
							<param name="label" value="$LOCALIZE[31090]" />
							<param name="onclick_1" value="Action(close)" />
							<param name="onclick_2" value="RunScript(script.extendedinfo,info=youtubebrowser,id=$INFO[ListItem.Title] $INFO[ListItem.Year])" />
							<param name="visible" value="System.hasAddon(script.extendedinfo) + String.IsEqual(ListItem.DBType,movie) + !Control.IsVisible(11)" />
						</include>
						<include content="InfoDialogButton">
							<param name="id" value="441" />
							<param name="icon" value="icons/infodialogs/cinema.png" />
							<param name="onclick_1" value="Dialog.Close(MovieInformation)" />
							<param name="onclick_2" value="RunScript(script.cinemavision,experience)" />
							<param name="label" value="$LOCALIZE[31003]" />
							<param name="visible" value="System.HasAddon(script.cinemavision) + [String.IsEqual(ListItem.DBType,movie) | String.IsEqual(ListItem.DBType,tvshow) | String.IsEqual(ListItem.DBType,season) | String.IsEqual(ListItem.DBType,episode)]" />
						</include>
						<control type="group" id="400">
							<width>262</width>
							<visible>Control.IsEnabled(7) | !String.IsEmpty(ListItem.UserRating)</visible>
							<control type="button" id="7">
								<include content="VideoInfoButtonsCommon">
									<param name="icon" value="" />
								</include>
								<label>$LOCALIZE[31033]</label>
								<onleft>441</onleft>
								<onright>101</onright>
								<onup>4000</onup>
								<enable>String.IsEmpty(Container.PluginName)</enable>
								<ondown condition="Integer.IsEqual(Container(5000).CurrentItem,1)">SetFocus(50,0)</ondown>
								<ondown condition="Integer.IsEqual(Container(5000).CurrentItem,2)">SetFocus(50,1)</ondown>
								<ondown condition="Integer.IsEqual(Container(5000).CurrentItem,3)">SetFocus(50,2)</ondown>
								<ondown condition="Integer.IsEqual(Container(5000).CurrentItem,4)">SetFocus(50,3)</ondown>
								<ondown condition="Integer.IsEqual(Container(5000).CurrentItem,5)">SetFocus(50,4)</ondown>
							</control>
							<control type="label">
								<label>$INFO[ListItem.UserRating]</label>
								<font>font45_title</font>
								<left>0</left>
								<top>24</top>
								<width>262</width>
								<align>center</align>
							</control>
							<control type="image">
								<texture>icons/infodialogs/rating.png</texture>
								<left>107</left>
								<top>30</top>
								<width>48</width>
								<height>48</height>
								<align>center</align>
								<visible>String.IsEmpty(ListItem.UserRating)</visible>
							</control>
						</control>
						<include content="InfoDialogButton">
							<param name="id" value="101" />
							<param name="icon" value="icons/infodialogs/info.png" />
							<param name="label" value="$LOCALIZE[31034]" />
							<param name="onclick_1" value="RunScript(script.extendedinfo,info=openinfodialog)" />
							<param name="visible" value="System.hasAddon(script.extendedinfo) + [String.IsEqual(ListItem.DbType,movie) | String.IsEqual(ListItem.DbType,tvshow) | String.IsEqual(ListItem.DbType,season) | String.IsEqual(ListItem.DbType,episode)]" />
						</include>
						<include content="InfoDialogButton">
							<param name="id" value="102" />
							<param name="icon" value="icons/infodialogs/image.png" />
							<param name="label" value="$LOCALIZE[31028]" />
							<param name="onclick_1" value="RunScript(special://home/addons/skin.estuaryplus/resources/lib/show_art.py, $ESCINFO[ListItem.Art(fanart)])" />
							<param name="visible" value="!String.IsEmpty(ListItem.Art(fanart))" />
						</include>
						<include content="InfoDialogButton">
							<param name="id" value="13" />
							<param name="icon" value="icons/infodialogs/director.png" />
							<param name="label" value="$LOCALIZE[31123]" />
							<param name="visible" value="!String.IsEmpty(ListItem.Director)" />
						</include>
						<include content="InfoDialogButton">
							<param name="id" value="443" />
							<param name="icon" value="icons/infodialogs/set.png" />
							<param name="label" value="$LOCALIZE[20457]" />
							<param name="onclick_1" value="Dialog.Close(all,true)" />
							<param name="onclick_2" value="ActivateWindow(Videos,videodb://movies/sets/$INFO[ListItem.SetId]/?setid=$INFO[ListItem.SetId])" />
							<param name="visible" value="!String.IsEmpty(ListItem.SetID)" />
						</include>
						<include content="InfoDialogButton">
							<param name="id" value="10" />
							<param name="icon" value="icons/infodialogs/choose_image.png" />
							<param name="label" value="$LOCALIZE[13511]" />
						</include>
						<include content="InfoDialogButton">
							<param name="id" value="6" />
							<param name="icon" value="icons/infodialogs/update.png" />
							<param name="label" value="$LOCALIZE[184]" />
							<param name="visible" value="Control.IsEnabled(6)" />
						</include>
					</control>
					<include content="LeftRightArrows">
						<param name="list_id" value="5000" />
						<param name="left_posx" value="713" />
						<param name="right_posx" value="1240" />
						<param name="posy" value="924" />
						<param name="visible" value="true" />
					</include>
					<include content="LeftRightArrows">
						<param name="list_id" value="50" />
						<param name="left_posx" value="713" />
						<param name="right_posx" value="1240" />
						<param name="posy" value="320" />
						<param name="visible" value="true" />
					</include>
				</control>
				<control type="label">
					<right>80</right>
					<top>970</top>
					<align>right</align>
					<width>1400</width>
					<height>44</height>
					<font>font20_title</font>
					<textcolor>99FFFFFF</textcolor>
					<shadowcolor>text_shadow</shadowcolor>
					<haspath>true</haspath>
					<label>$INFO[ListItem.FileNameANdPath]</label>
					<visible>Control.HasFocus(6)</visible>
					<animation effect="fade" start="0" end="100" time="300" delay="300">WindowOpen</animation>
					<animation effect="fade" start="100" end="0" time="200">WindowClose</animation>
					<animation effect="fade" start="0" end="100" time="300">Visible</animation>
					<animation effect="fade" start="100" end="0" time="200">Hidden</animation>
				</control>
				<include content="InfoDialogTopBarInfo">
					<param name="main_label" value="$VAR[VideoInfoMainLabelVar]" />
					<param name="sub_label" value="$VAR[VideoInfoSubLabelVar]" />
				</include>
			</control>
			<control type="group">
				<animation effect="fade" start="0" end="100" time="300" delay="300">WindowOpen</animation>
				<animation effect="fade" start="100" end="0" time="200">WindowClose</animation>
				<centerleft>50%</centerleft>
				<width>1920</width>
				<animation effect="fade" start="100" end="0" time="200" tween="sine" condition="Window.IsVisible(script-script.extendedinfo-DialogVideoInfo.xml) | Window.IsVisible(script-script.extendedinfo-DialogInfo.xml) | Window.IsVisible(script-script.extendedinfo-VideoList.xml)">Conditional</animation>
				<bottom>0</bottom>
				<height>70</height>
				<include>MediaFlags</include>
				<control type="group">
					<visible>Control.HasFocus(50)</visible>
					<animation effect="fade" time="200">VisibleChange</animation>
					<top>10</top>
					<left>0</left>
					<control type="image">
						<left>21</left>
						<width>36</width>
						<height>36</height>
						<animation effect="rotate" end="-90" center="36,19" time="0" condition="true">Conditional</animation>
						<texture colordiffuse="grey">frame/menu-nofo.png</texture>
					</control>
					<control type="label">
						<left>74</left>
						<width>500</width>
						<height>44</height>
						<shadowcolor>text_shadow</shadowcolor>
						<label>$LOCALIZE[31125]</label>
					</control>
				</control>
				<control type="group">
					<visible>Control.HasFocus(138)</visible>
					<animation effect="fade" time="200">VisibleChange</animation>
					<top>10</top>
					<left>0</left>
					<control type="image">
						<top>4</top>
						<left>17</left>
						<width>36</width>
						<height>36</height>
						<texture colordiffuse="grey">lists/played-total.png</texture>
					</control>
					<control type="label">
						<left>74</left>
						<width>800</width>
						<height>44</height>
						<shadowcolor>text_shadow</shadowcolor>
						<label>$LOCALIZE[131127]</label>
					</control>
				</control>
			</control>
			<include condition="Skin.HasSetting(touchmode)">TouchBackButton</include>
		</controls>
	</include>
	<include name="SettingMenuAction">
		<control type="image" id="638">
			<description>separator image</description>
			<height>3</height>
			<texture colordiffuse="AAAAAAAA" border="3">dialogs/separator-grey.png</texture>
		</control>
		<control type="button" id="633">
			<label>- $LOCALIZE[131063]</label>
			<include>DefaultSettingButton</include>
			<onclick>RunScript(special://home/addons/skin.estuaryplus/resources/lib/custom_menu.py,mode%3dadd)</onclick>
		</control>
		<control type="button" id="634">
			<label>- $LOCALIZE[131064]</label>
			<include>DefaultSettingButton</include>
			<onclick>RunScript(special://home/addons/skin.estuaryplus/resources/lib/custom_menu.py,mode%3dedit)</onclick>
		</control>
		<control type="button" id="635">
			<label>- $LOCALIZE[131065]</label>
			<include>DefaultSettingButton</include>
			<onclick>RunScript(special://home/addons/skin.estuaryplus/resources/lib/custom_menu.py,mode%3dsort)</onclick>
		</control>
		<control type="button" id="636">
			<label>- $LOCALIZE[131066]</label>
			<include>DefaultSettingButton</include>
			<onclick>RunScript(special://home/addons/skin.estuaryplus/resources/lib/custom_menu.py,mode%3dremove)</onclick>
		</control>
		<control type="button" id="637">
			<label>- $LOCALIZE[131067]</label>
			<include>DefaultSettingButton</include>
			<onclick>RunScript(special://home/addons/skin.estuaryplus/resources/lib/custom_menu.py,mode%3dremoveall)</onclick>
		</control>
		<control type="image" id="638">
			<description>separator image</description>
			<height>3</height>
			<texture colordiffuse="AAAAAAAA" border="3">dialogs/separator-grey.png</texture>
		</control>
	</include>
	<include name="CustomMenuEditor">
		<control type="group">
			<top>150</top>
			<centerleft>50%</centerleft>
			<width>1700</width>
			<include content="DialogBackgroundCommons">
				<param name="width" value="1700" />
				<param name="height" value="580" />
				<param name="header_label" value="$INFO[Window(smartplaylisteditor).Property(Heading)]" />
			</include>
			<control type="grouplist" id="500">
				<orientation>vertical</orientation>
				<left>10</left>
				<top>95</top>
				<onright>10</onright>
				<onleft>9001</onleft>
				<itemgap>-20</itemgap>
				<control type="button" id="22">
					<description>Set Playlist type</description>
					<width>700</width>
					<include>SettingsItemCommon</include>
					<label>$LOCALIZE[467]</label>
				</control>
				<control type="button" id="12">
					<description>Name Button</description>
					<label>$LOCALIZE[121433]</label>
					<width>700</width>
					<include>SettingsItemCommon</include>
				</control>
				<!-- <control type="label" id="1101">
					<description>Name Label</description>
					<width>700</width>
					<label>$LOCALIZE[31042]</label>
					<include>SettingsLabelCommon</include>
				</control>
				<control type="button" id="26">
					<width>700</width>
					<label>$LOCALIZE[121424]</label>
					<texturenofocus border="40">buttons/dialogbutton-nofo.png</texturenofocus>
					<texturefocus border="40">buttons/dialogbutton-nofo.png</texturefocus>
					<height>100</height>
					<aligny>center</aligny>
					<textcolor>88888888</textcolor>
					<textoffsetx>40</textoffsetx>
					<alttexturefocus border="40">buttons/dialogbutton-nofo.png</alttexturefocus>
					<alttexturenofocus border="40">buttons/dialogbutton-nofo.png</alttexturenofocus>
				</control> -->
			</control>
			<control type="textbox">
				<left>40</left>
				<top>268</top><!-- <top>376</top> -->
				<width>652</width>
				<label>$LOCALIZE[131043]</label>
				<textcolor>grey</textcolor>
				<font>font12</font>
			</control>
			<control type="image">
				<left>720</left>
				<top>95</top>
				<width>640</width>
				<height>460</height>
				<texture border="40">buttons/dialogbutton-nofo.png</texture>
			</control>
			<control type="list" id="10">
				<description>Rules List Control</description>
				<left>740</left>
				<top>115</top>
				<width>600</width>
				<height>420</height>
				<onleft>500</onleft>
				<onright>9001</onright>
				<orientation>vertical</orientation>
				<include content="DefaultSimpleListLayout">
					<param name="width" value="600" />
					<param name="list_id" value="10" />
				</include>
			</control>
			<control type="grouplist" id="9001">
				<orientation>vertical</orientation>
				<left>1380</left>
				<width>1300</width>
				<itemgap>dialogbuttons_itemgap</itemgap>
				<top>100</top>
				<onleft>10</onleft>
				<onright>500</onright>
				<include content="DefaultDialogButton">
					<param name="id" value="20" />
					<param name="label" value="$LOCALIZE[186]" />
					<param name="onclick" value="SetProperty(onclick,confirm,10136)" />
				</include>
				<include content="DefaultDialogButton">
					<param name="id" value="21" />
					<param name="label" value="$LOCALIZE[222]" />
					<param name="onclick" value="SetProperty(onclick,cancel,10136)" />
				</include>
			</control>
		</control>
	</include>
</includes>