<?xml version="1.0" encoding="UTF-8" standalone="yes"?>
<addon id="metadata.mv.xiami.com" name="Xiami MV" version="1.0.2" provider-name="Tim">
	<requires>
		<import addon="xbmc.metadata" version="2.1.0"/>
	</requires>
	<extension point="xbmc.metadata.scraper.musicvideos" language="zh" library="xiami.xml"/>
	<extension point="xbmc.addon.metadata">
		<summary lang="en">Xiami MV Scraper</summary>
		<summary lang="zh">虾米音乐电视刮削器</summary>
		<description lang="en">Download mv information from xiami.com</description>
		<description lang="zh">从虾米音乐获取音乐电视资料。</description>
		<platform>all</platform>
	</extension>
</addon>
